return_pct,max_drawdown,final_net_worth,sharpe_like,win_rate,equity_curve,seed,trader,n_trades
-0.6083630586338851,0.9740896091253212,391.6369413661149,0.8450615912053155,0.455,"[1000.         1000.         1009.15895487 1027.13247848 1047.59387488
 1068.48563613 1085.60226821 1096.66731522 1107.43667326 1085.34468928
 1088.92772079 1095.19682862 1103.5714518  1110.55411132 1065.47634255
 1072.44882376 1130.84796256 1138.7730603  1144.44903356 1176.4049047
 1220.49083556 1331.41897686 1427.57870258 1496.88322256 1569.71095327
 1621.59569828 1663.8884006  1693.58134134 1718.15989289 1742.56512893
 1761.08247128 1771.08735296 1770.7251164  1791.7860005  1799.22050637
 1798.85469746 1806.18994945 1805.82248349 1805.82248349 1805.82248349
 1805.82248349 1805.82248349 1805.79902412 1805.43752192 1805.43752192
 1805.43752192 1805.43752192 1803.90969501 1803.54977424 1804.90100061
 1807.19465433 1809.331898   1812.86243589 1815.96774768 1820.20276057
 1778.83709199 1844.02458686 1809.7294456  1726.62731018 1611.18737032
 1553.51682716 1429.51391785 1335.94418403 1078.31449092  908.87201064
  606.02207273  462.56836461  504.45726109  539.51280654  568.98537107
  598.41375408  646.80635441  622.9675017   607.50451293  594.54968515
  585.11639866  580.89847839  580.78556156  580.78556156  580.78556156
  580.78556156  580.78556156  580.78556156  580.78556156  580.78556156
  580.78556156  580.78556156  580.78556156  580.78556156  581.3262122
  583.38378375  584.29479778  578.41892852  502.28698262  444.91360239
  496.70356696  504.31424529  593.30211044  572.5824113   628.61480165
  672.34569805  698.54958226  762.97449909  824.68876814  909.29622487
  975.84620485 1027.12323534 1058.33611752 1087.78970479 1131.04027756
 1173.13660147 1169.56537331 1206.46531644 1241.45337763 1401.25097095
 1448.01487508 1479.51692837 1511.20563966 1551.87359947 1698.62190952
 1740.67184482 1817.03655386 1741.02115942 1720.49850099 1707.83642072
 1670.6000422  1643.79733528 1615.91460749 1579.35751219 1543.63120711
 1509.85966021 1433.40328278 1339.0493401  1296.12910176 1231.51445415
 1207.54642464 1129.49658326 1043.00888193  980.90993968  961.10930977
  960.93287889  960.93287889  960.93287889  960.93287889  962.62503556
  962.43096464  962.43096464  958.58214996  960.12318862  959.92992826
  959.92992826  960.01916297  959.82689576  942.74739675  942.5723189
  924.66596906  915.47017214  905.51043302  928.20368307  928.19781009
  929.39354349  940.36256884  938.31553566  938.12931534  938.12931534
  938.12931534  900.26867244  912.68656872  912.29836458  864.3255711
 1228.10372636 1227.56693901 1227.56693901 1210.33076169 1244.46029882
 1343.56388679 1375.33754597 1330.08630077 1359.57164464 1334.43127004
 1299.26184884 1343.73781476 1360.4417683  1308.92240819 1127.80852754
  939.8441064   880.85575399  713.21159556  455.61143003  368.16565259
  317.59745869  240.40453924  334.58137254  358.26056509  448.31154768
  513.6255453   540.24893348  489.37906296  571.47502335  638.76120979
  664.14847146  705.4288033   761.79501281  811.408187    824.32372498
  866.4815294   892.43930309  915.11060213  945.4615594   962.78056629
  980.20055572 1003.59043495 1021.65629504 1041.41520251 1066.18850007
 1060.394502   1077.88271402 1097.52977863 1106.012169   1107.40565839
 1106.39641308 1114.52823498 1124.16625602 1135.81114829 1149.15879106
 1161.73532928 1178.64246034 1196.52551812 1201.55389726 1183.01825799
 1145.39350384 1150.19411523 1152.53923269 1137.92474505 1139.05007594
 1139.12151642 1123.2631837  1120.31756961 1117.65413055 1115.73194522
 1113.31840844 1109.5249073  1121.93086429 1080.99148957 1077.37411789
 1073.11028816 1070.00152146 1060.07489735 1058.19453827 1054.31711262
 1050.74482271 1048.70227472 1044.95756702 1041.40618181 1061.38649898
 1064.84526295 1064.62930262 1064.62930262 1074.63369299 1072.80374093
 1069.29400151 1072.57707678 1091.68841675 1132.37949293 1067.58754698
 1034.58552145 1024.59314978 1024.39603775 1011.92801454 1011.73539847
  982.98069089  939.25532844  913.95348219  821.05153203  795.81780445
  701.48915909  608.52337725  553.68627052  464.2529078   517.80349809
  547.37871447  547.24553564  547.24553564  547.24553564  547.24553564
  547.24553564  547.24553564  541.63271421  539.80294879  539.69644763
  551.1321156   551.0126327   550.35601481  550.2463587   550.2463587
  550.2463587   550.2463587   590.55419678  571.64871501  618.16642956
  689.51949457  748.75031424  748.5531224   779.23356572  809.44572003
  809.25963647  809.25963647  809.25963647  809.25963647  809.25963647
  809.25963647  801.3925849   801.23843818  801.23843818  801.23843818
  801.23843818  822.15592389  825.31071817  826.57803224  837.16098665
  906.22976981  960.13381331  958.76185178  944.1247767   948.07599425
  969.98877755  957.88370487 1004.81835671 1011.16715195  980.3117863
  945.27118934  911.43509435  870.4472883   838.60639767  799.76824736
  732.3567841   697.21514349  658.54492104  627.91233423  592.47481353
  565.54927166  532.86446758  524.86384395  404.86818236  338.0301265
  267.29934003  258.72946156  122.01078654   69.54386737   52.29149093
   47.77939783   66.55439658   62.66313759   64.19093821   68.223332
   76.14614305   85.30620386   93.69581481   91.22710921   71.19856906
  148.16717211  195.07616722  211.96298799  209.1799377   211.70898007
  229.46583451  246.87958499  259.69647725  276.9070896   242.8282579
  192.78742403  190.50569496  206.53442148  220.66329496  233.45602296
  244.52271547  260.42957423  234.05781401  180.90907471  182.40928873
  177.69887731  174.17763406  174.68646263  186.50042109  185.0915345
  188.17781345  193.10953345  197.0388293   198.84999792  200.24565931
  200.95429764  206.04633301  171.18733146  157.29277362  125.18015022
  151.29269947  140.72748256  177.43559661  198.39966586  211.12982132
  218.97332524  226.98607503  217.41652706  104.74233632  182.33971877
  213.5440967   264.53407383  300.67532258  328.32242846  352.20454851
  366.75921527  382.00571195  395.2579387   404.55078031  411.58549665
  444.3406291   435.85573989  383.96705897  416.14356366  423.29672813
  425.01944328  424.93297217  421.75541662  414.58782302  410.33699934
  410.59859621  410.51618761  410.51618761  410.51618761  357.67545833
  357.64611372  357.64611372  357.64611372  357.64611372  357.64611372
  357.64611372  357.64611372  357.64611372  382.29128302  344.41893885
  341.83916681  406.74866585  344.72753513  336.89357544  478.31124551
  482.44226596  541.18113143  600.61229758  600.4444867   596.863636
  609.41259122  613.5617588   635.93936657  661.86430012  660.74979919
  660.61839289  660.61839289  660.61839289  660.61839289  675.35940823
  677.92014271  694.8673034   715.27020766  668.0241341   653.93687731
  644.4958649   644.41352022  670.69423538  613.36556797  602.36475792
  571.79967488  531.68591908  526.44790117  512.80954718  490.85939394
  383.94837432  362.37049823  353.91639212  339.96179742  287.31458602
  275.07748514  265.09029109  258.22621558  251.64996648  248.5617963
  248.51450805  248.51450805  248.51450805  248.51450805  248.51450805
  248.51450805  248.51450805  249.07450558  249.02419298  249.02419298
  249.02419298  249.02419298  249.02419298  249.02419298  249.02419298
  249.02419298  261.02266918  242.95257184  281.18426817  308.2729045
  328.47654635  346.30256898  339.70198487  349.10409784  359.00546753
  366.14881903  414.92791003  412.49856787  397.31649977  397.24918029
  400.92147585  386.8969864   386.83082358  386.83082358  386.83082358
  388.70588853  391.29701575  390.77646626  390.66369572  392.31819064
  450.86756275  450.25929977  436.43829387  438.9656986   407.3679912
  422.55948037  423.38504769  424.55919507  422.70526761  427.25365884
  377.72800285  351.65601125  335.09517343  441.78121285  361.06852152
  419.26162162  338.54711344  360.68488607  375.90297153  385.90524539
  416.01235753  431.68572362  538.18082357  578.65070712  585.72779833
  475.80849858  499.39950658  555.21790354  627.21287309  622.50948466
  652.62232181  673.21708962  691.79995871  748.68979104  724.35278439
  784.61448028  758.69234175  718.36815282  671.86626476  562.60618573
  626.20413861  620.05534004  778.17086635  966.57658126  984.68697563
  984.66946012 1002.89267655 1001.39561789  841.68151856  841.44670185
  836.48419539  786.57441349  648.47558022  708.70229594  623.99424543
  712.63751794  725.66539243  725.50964124  738.28213816  738.12411864
  738.12411864  738.12411864  738.12411864  739.45897861  765.49845927
  787.47449368  808.26802589  821.22249626  833.50778468  839.21716183
  849.02100384  848.84335183  848.84335183  851.57364636  855.63537205
  863.63212248  874.85496903  885.8099481   899.24771151  910.909403
  917.74236019  920.56769922  925.42483907  930.38807347  937.04494172
  943.465616    949.43231366  953.10722866  959.1062993   966.28351156
  967.8572178   967.66218964  967.66218964  968.79825418  971.07019038
  961.04107042  963.93424298  964.56398408  966.07147209  966.34267308
  964.70931439  964.99513764  964.69782199  964.80483576  961.99899893
  962.19565552  961.93550926  965.02814215  966.23045403  982.516873
  960.6855178   948.0003056   934.77231076  935.17280927  943.81336971
  916.77991176  903.90128093  870.08487305  857.68384921  846.2144896
  847.21219998  863.2875211   856.78477285  848.34335195  838.73421224
  815.94176554  836.30733536  833.31482771  829.0963532   825.58784268
  830.39879818  852.39332166  823.0919018   787.51721256  752.73682539
  725.52773321  699.37346201  659.73012946  629.55337031  605.71220899
  576.06924043  545.21325378  528.36478402  489.93194706  467.20751334
  442.03355201  417.67536433  400.26559724  384.79962223  362.22718072
  350.30320993  381.43344156  363.40534752  341.78893469  321.37408073
  307.14399841  290.38012658  273.91860092  259.3458495   250.83871661
  241.47655421  238.06326289  230.36217044  202.20862282  195.47573128
  185.3542192   180.60840537  177.01248003  174.65112107  179.5991045
  171.04417502  191.72464356  199.11208456  212.5845606   224.34451871
  233.0888766   238.68959744  246.52597314  273.54515607  300.87654749
  311.99902715  333.76026181  347.4295135   365.83478639  376.88401596
  381.2237625   393.04442054  392.95635157  392.95635157  392.95635157
  392.95635157  392.95635157  392.95635157  392.95635157  392.95635157
  397.3492235   394.92913535  398.51311762  397.21892305  398.09524184
  398.69700318  399.72859034  401.96651267  403.22572535  404.27397031
  404.0714531   405.22268733  405.14072173  405.14072173  405.14072173
  405.14072173  405.14072173  405.14072173  405.14072173  402.58862099
  402.45995318  403.28908136  402.96605484  402.88563881  402.48797925
  409.07774081  408.43878621  407.68996398  404.04856642  402.84228145
  399.80537526  408.50401391  413.55468927  419.46708738  424.98476643
  429.67783465  440.34813394  437.79013834  428.69440229  433.51320298
  444.42834317  448.27832052  452.41884089  460.87440447  478.53373594
  481.59268239  483.51556747  474.7952352   470.44899241  474.78789425
  476.27378747  477.32969443  475.84578542  476.20651283  476.5355345
  476.62317896  476.54344393  476.07097489  474.0222601   463.47313507
  454.35908026  448.01581771  438.43920359  444.97764211  445.26496147
  438.27381905  429.08846459  415.20125486  411.11049492  400.9698547
  385.08201592  396.59671486  396.33692696  393.76984011  394.5898491
  395.31896738  395.7512157   389.53594532  391.71710397  391.63694137
  391.63694137]",0,Random,
14.247537215954617,0.47932754091865953,15247.537215954617,2.8401717621657325,0.555,"[ 1000.          1010.36636573  1019.81384585  1028.98610318
  1035.87646489  1042.7597355   1048.32511638  1053.77134993
  1058.94434393  1038.03355295  1041.46035761  1047.45618924
  1051.55851854  1054.88450611  1040.67813262  1042.94263693
  1057.19038086  1059.03398456  1060.86310581  1068.31959078
  1081.73198838  1106.35053008  1122.3551884   1133.2397379
  1147.07153331  1159.77886848  1175.01625671  1185.49752202
  1194.09779399  1202.57668992  1215.59969421  1222.50568577
  1228.80560728  1243.66165325  1248.82192365  1255.77864505
  1261.14496326  1286.43219925  1286.62751122  1287.02605809
  1283.51203127  1280.66203775  1280.89925594  1281.06244514
  1281.19840341  1281.56379773  1285.55974678  1284.72577425
  1285.55617031  1286.77576015  1288.41103596  1289.93475027
  1291.32043408  1292.4261797   1293.51570086  1278.94678348
  1294.6490694   1282.73631577  1253.28255184  1225.42369071
  1214.50575594  1182.26083958  1162.95795201  1118.12862967
  1074.22400517  1002.63333785   955.10869726   972.36912888
   985.86958114   999.3721082   1009.73879427  1030.19489868
  1020.6901484   1012.30298776  1005.10398191   997.22073869
   990.21577852   981.9897833    974.59626456   970.70240391
   962.8889932    956.08728953   949.52737792   944.74550231
   960.39573873   955.52587507   951.58590089   928.96213967
   926.1194788    927.16456708   930.44625088   931.8992388
   922.52773983   861.90433794   812.66972435   859.96100658
   866.53838625   917.55604778   906.8524558    936.42954058
   958.1318935    976.89383374  1006.96842861  1034.10576619
  1069.45843313  1089.04164478  1108.17856675  1125.12325852
  1140.77590207  1155.95233603  1170.28732047  1168.61999937
  1180.98725372  1192.39864676  1230.8166032   1241.06193006
  1250.13902906  1259.06066934  1267.58446056  1297.54569276
  1303.99454899  1318.35639466  1300.05216824  1294.93679617
  1290.2940636   1281.00066858  1275.92205902  1270.50830494
  1264.80593257  1259.07919464  1253.5653936   1237.75413273
  1210.66125263  1197.71586849  1167.96311566  1160.45230815
  1123.05494367  1080.05097137  1015.87455689   995.36811273
   933.56139547   906.11622604   876.287092     865.48112611
   867.16967212   870.37530081   896.91018611   893.48154422
   894.9178945    936.50370658   915.29027282   915.54147842
  1046.18852869  1027.6770001    985.61944215   967.05880479
   957.44138121   947.02502176   958.98239094   958.97691425
   959.45263198   965.21043594   963.3046948    964.60726947
   965.69529129   967.99377544   929.11963385   935.60490776
   935.40463894   910.81068624  1294.28569591  1482.72392805
  1470.35278506  1449.99199418  1470.57264178  1529.12352355
  1547.19147536  1521.7349461   1538.5970207   1524.36813476
  1504.2777325   1530.02088449  1536.43201605  1521.95572404
  1469.29931085  1408.04938135  1390.38881733  1324.28967915
  1204.67444488  1127.54244046  1050.10512378   965.06967823
  1154.06615257  1236.0169243   1391.38212742  1492.69613287
  1570.4003078   1496.52944986  1622.04236883  1717.50249968
  1786.13953888  1841.74462871  1890.85514893  1931.88293428
  1939.62249676  1972.81329797  2002.55385996  2027.98391075
  2050.50901466  2069.49003145  2088.20828534  2104.9349252
  2124.08773522  2137.89968508  2154.84635717  2152.00799473
  2163.97898949  2177.12218021  2185.75024484  2187.12552325
  2186.12861756  2194.1622518   2200.62366271  2206.42542074
  2211.69490662  2216.53169978  2224.70313844  2236.09868686
  2238.5472071   2229.91263991  2215.80942042  2217.6555396
  2218.89532225  2209.6639868   2210.38863986  2210.53300962
  2200.4224063   2199.08475233  2197.77684205  2196.66202543
  2195.07756265  2193.31665849  2199.44656128  2179.37836341
  2177.07112003  2174.1981232   2171.26222821  2151.54753517
  2147.73104116  2144.00944846  2140.37640303  2136.63652495
  2133.03389981  2129.40844159  2149.83503158  2157.27865638
  2174.15494007  2199.815045    2220.90627059  2217.12446246
  2209.87101169  2216.6560239   2236.61789431  2278.29720005
  2234.94650724  2200.56431041  2179.68145113  2136.91162043
  2111.29624564  2062.04893353  2003.81611484  1914.68145376
  1863.10338516  1768.57831903  1741.3853193   1638.17654851
  1529.60931016  1460.6721727   1224.88966194  1366.17808495
  1444.20964059  1697.07097949  1657.72598733  1646.90688885
  1651.14848826  1660.80535598  1740.56086885  1722.99311398
  1717.1723748   1718.10199521  1754.84985757  1741.53328638
  1739.79565938  1655.69532906  1705.64459299  1458.02488317
  2109.91414559  2264.37441994  2191.88470679  2370.24855936
  2643.83911921  2870.94909846  3068.35873575  3194.57505347
  3318.43403618  3389.85053046  3478.00770115  3570.21207976
  3610.87219169  3654.1192076   3691.35434019  3656.17804424
  3626.27466874  3561.77494007  3587.75866133  3545.01778745
  3638.2404244   3652.20130713  3655.35374925  3671.19378385
  3772.14975442  3884.69054926  3879.95813533  3820.72403597
  3829.07739366  3873.32639269  3857.4191825   3904.85577991
  3910.99519083  3871.47180004  3837.04994416  3802.69242373
  3768.6137601   3734.31105952  3699.84216405  3637.44360451
  3602.48566329  3562.49621608  3521.21449925  3481.57538586
  3442.16196823  3402.47967559  3392.23074432  3237.1145514
  3103.55177491  2887.14472751  2864.05114519  2561.40231422
  2285.92556363  2096.71303376  2036.34748346  2303.05366463
  2269.22706017  2287.78430684  2335.68207578  2403.55770999
  2461.42738151  2509.79584107  2496.53143547  2359.61986294
  2869.93119635  3051.24404706  3117.28409057  3103.81248299
  3113.34239325  3165.69363828  3213.69951174  3255.53200372
  3298.78053282  3217.55001147  3084.87373631  3075.79417411
  3162.2533203   3216.39945008  3262.98335224  3314.73473039
  3386.59097995  3300.94838219  3051.22083656  3063.79865346
  2985.29910224  2955.98815538  2959.05202721  3025.75731529
  3020.12167285  3032.70786722  3052.5704059   3073.46726774
  3087.89600769  3098.72965682  3104.21042806  3143.53853955
  2877.61782422  2760.79879891  2478.9585576   2737.4789551
  2673.63771472  2906.08220422  2991.8199854   3055.96108734
  3113.0171735   3151.12736315  3106.8288542   2704.44081184
  3105.22152223  3211.18186941  3364.44973408  3456.25879457
  3519.74584676  3570.90013165  3607.92909236  3645.40294091
  3676.99604121  3698.58921377  3720.2623622   3818.94338435
  3794.5938046   3644.00192454  3745.73644552  3778.2805884
  3794.4259812   3805.91421725  3778.20640498  3713.99689264
  3695.30256941  3698.36037427  3711.73082188  3243.14026371
  3849.21435973  3354.03666993  4005.99908378  4513.20024115
  4481.81919925  5096.89519601  5998.78586288  5318.86111711
  5230.61092159  5365.90885666  5736.63514262  5452.60883189
  5432.14072241  5947.872699    5645.3557788   5602.48565538
  6386.38649201  6414.35422036  6804.83262343  7553.61416593
  7673.51752611  7629.19340771  7710.13974433  7736.37048336
  7877.44426317  8037.98192349  8026.11503885  8201.70168525
  8348.06211631  8371.07177683  8472.63578092  8663.30713207
  8696.15581401  8913.54889726  9045.04050223  8846.33392755
  8753.65992921  8690.45261668  8690.95360083  8869.04073141
  8616.720955    8539.94953301  8323.26811509  8129.1031682
  8109.39388757  8039.88583134  7954.21896448  7607.91851342
  7522.12862681  7486.96200979  7413.50730304  7184.09494442
  7122.7154889   7058.3718829   6997.85214567  6909.35987733
  6825.77449541  6600.85110243  6445.12256744  6825.14610598
  6655.14823644  7031.00794423  7073.76520702  7455.98667524
  7473.97322953  6792.59324812  6517.39444505  6093.911467
  5824.57677321  5736.0545339   5740.95202944  5797.74598136
  5369.18943437  5628.61859681  5238.96033054  6063.37778338
  6355.06018724  6493.97099307  6670.79931453  6628.65113166
  6689.78925127  6753.01012025  6797.77394301  7251.25106081
  7210.39628595  6945.01631844  6958.90034185  7024.61105173
  6778.88595434  6623.94942519  6859.60599147  7017.84928224
  7053.14332486  7077.31421756  7069.32473295  7069.00830209
  7079.4585467   7608.43224854  7603.17389004  7371.30074043
  7393.28851273  7127.19182702  7393.85861303  7408.30442138
  7428.84941063  7396.40976945  7436.92984961  7150.02311482
  7026.86512875  6916.89379912  8018.51411827  7529.45660139
  7933.79581189  7424.49182803  7546.00566601  7652.57019192
  7755.12515554  8057.61936808  8158.98871764  8662.48267359
  8825.01521075  8861.49199882  8307.15354931  8513.09505811
  9466.39204054 10079.94659436 10054.69914981 10298.85986523
 10407.58894551 10503.30532059 10719.65912838 10632.4135098
 10927.87942163 10748.38664785 10462.71599223 10237.54265494
  9821.73302094 10043.97534082 10024.07253451 10663.59833533
 11179.8688479  11221.34994832 11221.27642908 11273.75533384
 11268.8697315  10820.10815534 10819.32825493 10803.91683258
 10675.38735976 10300.42909586 10539.80553957 10120.45130333
 10839.69924055 11040.2646198  11268.56290793 11469.01531275
 11649.66004068 11872.56869844 12017.80443016 12152.94141926
 12177.24175879 12392.8360395  12511.9963739  12622.07599864
 12724.46486686 12819.62184834 12910.03514293 13060.85235641
 13138.25913754 13206.38678396 13251.45168302 13314.65726553
 13378.13208559 13436.89682472 13492.95944237 13561.16635094
 13650.44088641 13701.62089703 13746.56299411 13784.14848923
 13821.10498393 13854.94508044 13879.33388395 13909.5055568
 13937.81060213 13967.94800362 14021.60218812 14047.26469735
 14071.86398868 14169.24864891 14188.63969567 14206.67184015
 14133.30620622 14154.56561735 14166.65226249 14179.12443033
 14185.94680754 14161.96961002 14165.47416694 14163.29183245
 14167.6912657  14126.48947868 14129.37728538 14128.87664736
 14151.58875934 14158.38203123 14218.74413289 14156.05468645
 14118.62032906 14070.0450503  14072.94131394 14106.14816132
 14005.11885161 13966.25890257 13861.72783161 13822.13093908
 13776.58141139 13780.61438442 13868.69043299 13833.83315296
 13800.43324797 13769.69394908 13676.81064904 13791.41280548
 13768.09418254 13733.24001532 13714.76988569 13741.40204399
 13862.71280766 13744.13878302 13625.78181589 13505.33176883
 13383.86684816 13263.17670294 13113.23734593 12993.15480085
 12870.69594738 12745.13070027 12575.00079929 12446.12345044
 12220.35157566 12107.31042769 11944.73475367 11780.08499385
 11617.01839648 11467.33027158 11299.66094525 11225.59732394
 11425.0541892  11290.46719836 11156.48716118 10990.34528924
 10868.58677812 10750.2784686  10628.29817795 10515.11340843
 10429.31881338 10351.8135619  10322.48687589 10255.67919
 10004.94767031  9938.12067462  9809.91816003  9759.9838859
  9721.07965562  9689.11465414  9757.71995185  9603.40211619
  9894.08646377  9989.21617493 10215.12992384 10403.39957098
 10607.14685182 10734.53986727 10852.57755971 11249.00957347
 11812.01453202 12251.22639408 12679.17132039 12938.71726606
 13167.74848867 13367.86676951 13524.5464693  13943.90453194
 13941.29354537 14123.39318893 14469.14578732 14773.62293467
 15059.0573406  15152.37058414 15340.54411977 15613.51794452
 15790.96614713 15744.2435849  15890.17936029 15865.79074095
 15903.91864018 15917.48312691 15938.07344461 15982.68479552
 16000.38608115 16022.78117064 16017.96948325 16063.60541016
 15951.81227942 16047.49613516 15994.54356612 15905.14318131
 15752.28424465 15542.32020909 15413.87765294 15319.7612868
 15314.86449121 15332.16952135 15322.96332202 15311.86449734
 15299.80475375 15426.57815244 15414.50510826 15400.37241061
 15355.54253912 15340.24280126 15312.09082649 15379.32796477
 15417.30364069 15461.35600325 15501.99653252 15536.20141314
 15613.33690734 15591.38125205 15527.19073463 15562.04652103
 15640.38386588 15667.41895534 15696.33967131 15754.98842764
 15875.67831107 15895.87823312 15908.55566907 15851.16250166
 15822.09650788 15851.25840917 15861.15665627 15868.18160431
 15856.63674731 15861.68923672 15865.34090659 15868.38568761
 15868.55461618 15862.27594784 15840.5766936  15753.22641689
 15691.83138653 15637.79890225 15571.52252137 15617.91312866
 15619.89284153 15570.84137169 15489.99714641 15364.61701102
 15315.04700649 15127.6259815  14928.75680928 15077.47846638
 15074.01655006 15042.47478507 15059.59836189 15073.50898165
 15093.01086873 14975.9786264  15062.59601992 15112.87069671
 15247.53721595]",0,BuyAndHold,
7.550388076474665,0.9514230642774751,8550.388076474665,2.2170820232036954,0.4675,"[ 1000.          1000.          1000.          1000.
  1000.          1000.          1000.          1000.
  1000.          1000.          1000.          1000.
  1000.          1000.          1000.          1000.
  1000.          1000.          1000.          1000.
  1000.          1000.          1000.          1000.
  1000.          1000.          1000.          1000.
  1000.          1000.          1000.          1000.
  1000.          1000.          1000.          1000.
  1000.          1000.          1000.          1000.
  1000.          1000.          1000.          1000.
  1000.          1000.          1000.          1000.
  1000.          1000.          1000.          1000.
  1000.          1000.          1000.           988.53763583
  1000.67445768   991.46672058   968.70099206   947.16801342
   938.72920269   888.70199692   859.69109576   793.41832997
   731.12046698   633.68119242   573.62236627   604.63904656
   629.83689239   655.72637514   676.14323457   717.24530741
   697.41078139   680.2262369    665.72056852   644.7113203
   626.60849661   605.79741142   587.56499279   578.18546915
   559.57520429   539.71802596   521.21778465   508.1077565
   550.20347223   536.28980603   525.24413249   462.81495871
   455.77887573   458.35606703   466.46985818   470.11864555
   446.48321093   299.79936008   214.25640965   276.64884726
   287.28945675   371.86943075   350.2622539    407.39790627
   454.65792926   499.2142656    576.09656301   653.79312138
   765.61698277   835.8156407    909.31171311   978.89410072
  1047.04470094  1116.74958407  1186.05244382  1177.6617086
  1239.98307571  1299.94224963  1509.4066139   1572.41668596
  1629.97190487  1676.21312391  1721.63318431  1884.43455543
  1922.00414047  2006.70090117  1895.30878603  1872.6433171
  1852.51035268  1812.48994679  1790.94829011  1768.15971533
  1744.36078908  1720.67599348  1690.20644922  1604.94995965
  1464.47715886  1401.91632468  1262.65084184  1230.24702468
  1111.08664221   983.49094924   808.21734758   759.32571924
   617.89419159   563.44056628   526.28018401   513.30692991
   515.31230866   519.1225789    550.77603837   546.57218672
   547.34570348   572.78021179   559.80574623   559.95938748
   639.8651525    628.54321412   628.4264991    628.4264991
   628.4264991    628.4264991    628.4264991    628.4264991
   628.61255946   632.38492257   631.13632235   631.989741
   632.70258927   634.20850618   583.1462932    591.29556305
   591.04410321   559.96431856  1031.488974    1332.04907674
  1299.02845543  1245.07606034  1298.11286839  1453.1884526
  1504.77212664  1430.51797922  1493.68398044  1438.46936651
  1362.66805273  1455.99007329  1480.45355032  1424.67303922
  1276.55984265  1116.96474537  1074.98863677   921.68956291
   671.98638165   542.97026784   468.39233456   392.54387633
   546.30303382   623.94040499   780.81654605   894.57284068
   940.94234122   896.68082879   971.88484714  1029.08203043
  1070.20752729  1103.52462509  1103.27723354  1103.27723354
  1103.27723354  1103.27723354  1103.27723354  1103.27723354
  1115.32191491  1125.64610959  1135.82742447  1144.92545191
  1155.34313248  1162.85578892  1181.07668983  1177.96897736
  1191.07499273  1205.54595098  1215.10421622  1216.6352507
  1215.52645794  1228.68454804  1239.54460035  1249.35285981
  1258.30810985  1266.56717307  1280.57843945  1293.44320429
  1296.27840942  1286.27891962  1270.01058834  1272.1299976
  1273.55279476  1257.40545211  1258.6489404   1258.89606268
  1241.62223     1239.36463696  1237.1541923   1235.653735
  1233.87151761  1231.89223494  1238.77843832  1216.17409804
  1213.60339712  1211.76167967  1210.12544371  1199.13770976
  1197.01063527  1194.93645281  1192.91162106  1192.67465694
  1192.67465694  1192.67465694  1192.67465694  1192.67465694
  1192.67465694  1206.51987737  1218.08761191  1216.01342548
  1212.0351673   1215.75650369  1226.70487525  1272.20503463
  1223.80055256  1186.15582706  1163.65018153  1117.98809189
  1091.19362105  1014.63272202   928.69995283   804.79776589
   739.79869365   627.22013727   598.32383538   456.37614827
   335.45780297   275.03549902    97.47938069   142.48006783
   175.07021661   328.31668264   290.45385294   281.00305917
   284.62902548   292.95533032   363.30393184   345.03610987
   339.22198909   340.14479265   376.52170335   362.26718273
   360.47095935   290.70049725   325.81344954   136.63502079
   381.03187992   492.93647849   429.90034357   569.86511909
   833.08556317  1119.56243363  1350.44103969  1517.20752719
  1693.75878954  1803.19485874  1943.92514806  2098.59154456
  2145.99720684  2197.41177471  2242.20538741  2199.48108298
  2163.51079326  2086.55399286  2117.01176275  2040.9838544
  2202.02692539  2227.44721883  2233.22550263  2262.26006412
  2448.90489849  2740.94850477  2727.78767809  2561.21839522
  2583.71079672  2703.15436518  2658.82340084  2756.41733123
  2769.45949665  2685.50267505  2613.90322396  2543.71498702
  2475.35386119  2429.85952129  2385.01159527  2304.572858
  2260.29127915  2210.1189936   2158.90746561  2134.22329677
  2110.0627454   2085.73729873  2079.45465187  1984.36763886
  1902.49297943  1636.86066912  1610.71220462  1270.30422892
   997.09974689   832.06253666   784.17254408  1092.15856881
  1044.21485082  1069.85094755  1137.05774279  1236.21656924
  1325.55266672  1429.61465412  1399.45952189  1092.48776747
  2037.71175485  2553.62623296  2775.08892638  2714.86119365
  2756.58648906  2988.3820356   3215.16498664  3424.61514707
  3652.26504803  3202.78242167  2542.76902593  2505.78614665
  2857.99772822  3102.99267441  3327.90897612  3592.00477929
  3981.56361257  3478.45826596  2163.03520943  2208.32568461
  1925.45802092  1831.13564736  1840.69791132  2048.17793888
  2029.2843317   2071.58396491  2139.45694568  2212.74264895
  2264.74273901  2296.10641632  2312.37004932  2429.56413601
  1607.54347767  1346.81672777   796.97955981  1046.48862206
   973.41016419  1227.31971053  1336.08216625  1422.06279262
  1501.75162827  1538.23295467  1494.99162483  1107.74526211
  1436.09804858  1534.20642129  1680.68224627  1726.18189393
  1757.8895666   1783.43788388  1801.93149863  1820.6473066
  1836.42605422  1857.66552026  1879.44105298  1979.15093243
  1953.93480773  1798.8523849   1899.32025505  1948.63043886
  1973.63153532  1991.56817291  1948.07839946  1848.77421672
  1820.89389411  1826.57502391  1852.99237767   917.27817481
  1603.19444058   778.90115618  1384.71961942  1910.82234338
  1871.26873718  2641.71171728  4044.51365253  2670.15184685
  2537.51182113  2668.39822532  3037.14189273  2736.49110047
  2715.99411614  3231.71564428  2903.11563164  2880.81020616
  3283.89375722  3298.27482369  3499.05966372  3884.08475358
  3945.73932091  3899.51595331  3982.27344514  4009.38695398
  4155.61589905  4325.02523543  4312.29132044  4405.78106843
  4484.40261888  4496.7629224   4551.32095989  4653.74558186
  4671.39119988  4904.057461    5048.79647456  4826.99747601
  4725.90280989  4657.6737727   4658.22402621  4943.64977055
  4521.83981382  4401.12559639  4066.16705125  3781.72081316
  3754.31698845  3624.86666415  3470.44657693  2866.16804952
  2737.18444382  2686.07194305  2580.68963819  2340.67614672
  2280.76517655  2218.97789137  2161.92396693  2079.92930565
  2004.47512703  1872.04040693  1783.73227547  1994.09651709
  1894.81173289  2108.85435599  2134.55523526  2480.18864645
  2498.30451478  1815.02281816  1594.58201304  1283.820196
  1113.68563571  1045.85608064  1049.46614313  1090.99685787
   768.44646396   917.09777731   663.24792218  1184.97011617
  1470.63335665  1631.63183291  1853.91525658  1795.54392103
  1878.39370884  1967.21983948  2032.4943396   2710.48287781
  2634.80438037  2149.99112351  2171.81030137  2274.36657708
  1876.65817828  1662.46805061  1958.34685499  2184.5002896
  2239.62886342  2278.04956951  2265.22243847  2264.72567829
  2281.4660011   3133.82962632  3123.87185698  2742.17980847
  2775.09858918  2375.59706001  2731.33669069  2752.9264847
  2783.47766898  2746.46941626  2791.62238315  2468.54974902
  2341.09713111  2231.22912596  3297.3415814   2894.76391693
  3205.72694207  2794.22344029  2885.74715311  2967.27157011
  3046.81982702  3165.03834208  3204.85614745  3402.62890527
  3466.47179303  3480.79989943  3263.05539099  3424.36488487
  4191.32141257  4734.84906797  4711.2653923   4940.07965262
  5044.4384518   5089.80169021  5194.6444708   5152.36607694
  5295.54603694  5208.56555242  5070.13228007  4850.99523181
  4456.97781058  4658.74475899  4640.32547865  5232.42537267
  5739.22049201  5802.89729426  5802.80904733  5884.22362918
  5876.60682783  5174.53536756  5173.65068402  5157.87722924
  5035.15855305  4681.47590889  4899.12632003  4509.32424505
  5150.33345951  5436.39650163  5773.77209919  6082.04067555
  6369.56137494  6735.3157784   6982.65007177  7295.69518341
  7354.24340958  7875.09723561  8178.31591854  8466.31375242
  8741.20378428  9066.5742665   9386.56412326  9935.10449556
 10229.97188451 10495.44793824 10674.73580293 10929.45820538
 11190.18531833 11436.16776155 11674.94302529 11970.22144316
 12364.46837958 12596.58445891 12803.36056988 12978.56127259
 13152.68622597 13313.84462447 13431.15637346 13577.2379071
 13715.50030494 13863.89536377 14130.28759665 14259.81113153
 14384.77304489 14882.62450819 14984.87037866 15080.17302183
 14690.86696602 14801.66241892 14864.94767055 14914.3630947
 14943.09682796 14842.08635383 14856.83798769 14847.69147522
 14866.14504995 14647.07218271 14662.21417891 14659.62874816
 14777.45728293 14813.02070786 15128.81450133 14859.18675179
 14702.17132311 14499.93253216 14511.99119984 14648.96982482
 14229.38462784 14029.49478417 13504.62870864 13312.15182764
 13092.95927045 13112.29652068 13531.33518458 13361.63204333
 13200.46717411 13053.58020676 12613.43282454 13142.23430863
 13031.56655772 12866.70623386 12780.31321812 12904.46980792
 13474.18103958 12898.39909888 12343.4741442  11798.32947568
 11268.18797051 10760.53745701 10152.69282241  9688.29783358
  9232.10058672  8782.11426117  8196.31449904  7776.75009034
  7071.72305331  6745.16978752  6292.55408754  5859.2042914
  5453.99944955  5102.9247811   4730.12940182  4575.39174987
  4981.99095003  4688.90003296  4410.91556774  4082.69152494
  3856.78404853  3647.04452791  3440.2951274   3257.26788668
  3124.52497297  3008.52846023  2966.00265846  2870.05563832
  2519.29384468  2435.40952769  2278.38994459  2220.52188122
  2176.3111432   2140.56504097  2216.3762885   2041.1792687
  2350.2315905   2463.49302379  2685.93072892  2884.08777658
  3110.15109609  3259.71023747  3403.18020587  3900.5268879
  4485.63310877  4986.28608387  5509.03978963  5847.59164872
  6158.26671561  6439.17244464  6665.70487018  7285.85386804
  7282.03898784  7567.39203526  8123.28051614  8636.34364371
  9137.14238578  9248.62818629  9478.36351902  9815.73289593
 10038.91742888  9979.55747269 10164.57325068 10146.90317121
 10171.28812838 10179.96324219 10193.13169825 10221.66271091
 10232.98349797 10230.9278218  10230.9278218  10230.9278218
 10230.9278218  10230.9278218  10230.9278218  10230.9278218
 10230.9278218  10230.9278218  10230.9278218  10230.9278218
 10230.9278218  10230.9278218  10230.9278218  10230.9278218
 10230.9278218  10230.9278218  10230.9278218  10230.9278218
 10230.9278218  10230.9278218  10230.9278218  10230.9278218
 10230.9278218  10230.9278218  10230.9278218  10230.9278218
 10230.9278218  10230.9278218  10230.9278218  10251.88207751
 10303.48833    10321.29836139 10340.35059578 10378.98690942
 10458.49434454 10483.20794924 10499.93387577 10424.17617979
 10385.96185964 10424.25443239 10437.28090655 10449.08506518
 10426.28276229 10436.25841127 10443.47029845 10449.4859311
 10449.8220631  10431.19398595 10374.12696124 10145.3352868
  9987.31189919  9849.84592088  9682.94411645  9825.3464249
  9831.69059144  9677.32239478  9426.21974744  9044.92483096
  8899.31420296  8354.89322606  7806.13616192  8195.37897368
  8186.29411597  8100.65387956  8146.8286469   8175.33002985
  8217.65536596  7962.79984067  8147.16750835  8256.05245217
  8550.38807647]",0,MeanReversion,
0.7523660330776851,0.9637162479058876,1752.3660330776852,1.7947339138767122,0.47,"[ 1000.          1000.          1000.          1011.39485815
   994.07681073  1024.85225453  1007.14516569  1009.7021231
  1009.49812317  1009.49812317  1011.4846016   1076.18033213
  1075.91333769  1078.97590662  1071.69598591  1076.81361705
  1086.36760319  1175.35721123  1212.28836319  1191.17609289
  1265.06519707  1386.95638966  1474.10664401  1478.53774122
  1579.37177231  1673.45243961  1683.71743732  1804.53503404
  1936.03329527  2063.92912797  2085.84785814  2133.19419618
  2308.6833821   2407.99166657  2427.96757307  2463.00118449
  2480.9925815   2521.79078515  2536.82921951  2532.69780754
  2606.62278328  2626.41884022  2623.10472383  2622.58273777
  2662.74502495  2686.16341351  2685.60741346  2685.60741346
  2685.60741346  2701.17823521  2725.35751447  2710.64286397
  2694.51073488  2685.22144401  2721.00942085  2750.66627091
  2800.22988247  2849.31441981  2857.38588732  2879.48726842
  2965.28667981  3011.66329895  3099.91936533  3212.12244441
  3227.98081981  3278.20360819  3417.99097078  3471.40186955
  3511.20648819  3588.9175915   3594.01132957  3614.68135586
  3549.3734399   3609.14839557  3527.53802061  3534.27048155
  3592.90889062  3627.3698763   3622.15525096  3636.92653488
  3649.23538733  3667.11577832  3674.23801783  3607.37361777
  3680.16953584  3588.89845452  3547.05846684  3511.23817398
  3421.12257845  3278.33055627  3165.45045509  2997.02712371
  2940.59993361  2886.46415909  2841.10192017  2793.30045967
  2656.47890076  2618.85561677  2590.54455931  2535.39257891
  2515.84225446  2490.75785873  2483.90104235  2486.0279873
  2485.52907515  2485.52907515  2485.52907515  2485.52907515
  2480.32308179  2465.7942264   2418.67377174  2348.50899539
  2244.10432008  2093.90503135  1978.52734909  1865.19118068
  1715.21562404  1630.48115057  1563.88931515  1509.31140114
  1483.14505902  1482.86909368  1482.86909368  1482.86909368
  1482.86909368  1482.86909368  1482.86909368  1449.64678899
  1391.51430622  1301.25484026  1177.77601281   892.89450447
   771.95414953   654.32088168   533.29102499   472.35110324
   443.43146435   427.83004451   492.97732398   535.79147797
   438.72728333  1250.89992117  1187.1226354   1250.01291674
  1679.65655713  1837.10157641  1671.78628015  1734.00245433
  1776.98683634  1937.59558981  2039.11481207  2126.08681349
  1863.92338985  2243.24104584  2312.68863959  2441.33196608
  2074.557497    2097.49409718  1996.68405608  2133.48496937
  2147.33165286  2170.64476123  2253.03391024  2198.95953735
  2233.14230756  2341.73547137  2401.25781528  2305.62452917
  2320.83612562  2326.24928666  2106.52193446  2120.71817344
  2037.39164289  2150.93524443  2150.41386458  2150.41386458
  2150.41386458  2200.81848289  2200.33756542  2200.33756542
  2184.73822263  2166.93330561  2166.51415085  2164.25042179
  2161.23993349  2121.89225172  2082.11035649  2043.30848685
  1908.83314436  2083.06045165  2263.40678212  2412.01872687
  2504.56899594  2550.18403434  2591.31460734  2662.00131407
  2693.44632318  2692.88190261  2692.88190261  2716.57704461
  2760.20141315  2780.71170351  2780.1385742   2780.1385742
  2780.1385742   2780.1385742   2780.1385742   2780.1385742
  2792.27465358  2804.83090723  2826.75827357  2841.85324023
  2851.25682378  2871.49588971  2829.06893021  2831.30135252
  2830.73276594  2833.19841089  2838.25277325  2851.56458198
  2853.92249865  2864.73480644  2869.32709698  2938.27378061
  2940.94236974  2943.98183798  2947.55338998  3004.75153152
  3131.40549273  3182.60995138  3186.31703265  3189.53133396
  3189.58434204  3188.50558176  3188.06905311  3187.11447191
  3187.18066687  3189.77517785  3181.52244429  3174.92631427
  3197.07547316  3199.26272377  3199.94658571  3093.64594174
  3095.5743555   3094.01946801  3095.33879696  3094.24762798
  3094.27502686  3094.87704798  2957.05946968  2957.73532823
  2959.80340502  2859.61934878  2920.39974344  2994.11484284
  3035.92164332  3109.83560398  3171.12099316  3225.7135562
  3261.73548665  3285.37520126  3306.00756862  3365.45474227
  3571.91918491  3579.9604451   3609.27026597  3620.93512755
  3607.62668097  3619.55260225  3589.44836241  3539.21795735
  3566.94957082  3598.85104734  3607.24225361  3544.48757434
  3422.80329303  3333.79803503  3291.44444867  3266.40761058
  3367.73813575  3372.86996846  3209.72306828  3077.56398672
  3019.48507194  2912.34531918  2977.30441662  2966.14862478
  2864.24165486  2742.40404112  2648.97875987  2418.69677045
  2255.55575446  2308.18603386  2158.5583062   2174.04976425
  2137.96018281  2136.6568679   2106.84773511  2096.74254165
  2290.60736896  2249.9627518   2219.57411733  2186.45124727
  2126.67657824  2141.31309428  2140.87273256  2140.87273256
  2140.87273256  2140.87273256  2152.99456525  2152.5538407
  2152.5538407   2152.5538407   2157.31626743  2156.88056373
  2156.88056373  2156.88056373  2156.88056373  2208.23974424
  2222.93015536  2160.93753284  2240.52206983  2231.912595
  2297.63409467  2463.82883196  2595.19443079  2573.00175061
  2782.066014    2795.27293375  2924.37784558  3057.36464861
  3100.77392607  3187.04355494  3205.6533177   3439.4475626
  3527.35810806  3564.25200348  3741.8770051   3894.55449784
  3990.41091967  4053.79588584  4189.7253718   4231.0239309
  4283.9376991   4512.62940361  4570.47072716  4592.46309884
  4565.83296902  4608.25689252  4636.62173412  4529.41886194
  4571.54866335  4573.60083557  4663.07499847  4647.22558088
  4572.09749768  4612.34150843  4639.61529731  4638.66460772
  4625.46459396  4639.86406382  4625.54334271  4674.71113368
  4699.31583963  4713.73718429  4728.26533356  4728.57972541
  4728.22173486  4727.27543007  4727.27543007  4727.27543007
  4727.27543007  4738.63351296  4737.67575434  4737.67575434
  4737.67575434  4765.34552648  4773.73790014  4794.64073261
  4795.76684978  4794.80677879  4794.80677879  4794.80677879
  4794.80677879  4809.44599234  4808.47143281  4808.47143281
  4808.47143281  4809.44900621  4791.97818578  4813.6806685
  4812.69962151  4812.69962151  4812.69962151  4812.69962151
  4773.35520383  4766.56903586  4765.62112047  4783.44124273
  4830.2503112   4847.4317838   4797.2838366   4772.91423844
  4726.29553126  4678.37055237  4618.37842343  4534.01427635
  4487.70223723  4457.63206409  4437.21908916  4418.38909454
  4382.81904179  4364.6914776   4329.48742007  4278.73941077
  4223.28358588  4161.8156609   4128.23263841  4068.16254429
  3996.10813141  3927.471626    3874.26280533  3835.09800843
  3797.85016108  3775.81549071  3740.42057138  3807.06024456
  3716.25660457  3757.84564942  3629.61688598  3433.18185246
  3293.71294122  3195.18909563  3130.06812059  3077.68268089
  3077.10846571  3077.10846571  3060.92151183  3031.52408333
  3015.27063693  2981.80222846  2964.57483649  2963.99512655
  2963.07257306  2947.60270299  2947.0255582   2947.0255582
  2947.0255582   2947.0255582   2881.84441479  2770.38705434
  2530.22100359  2231.72881059  2016.0763007   1669.38915708
  1431.94131902  1394.93342606  1326.70575859   949.93014127
   538.07294294   561.48848438   487.53386965   526.54733862
   585.62472797   469.54429269   715.03069065   798.71700806
   680.30545048   793.96488657   864.53461195   913.16206982
   955.58685769   971.66477066  1323.09281819   992.15776851
  1015.29797763  1055.98024617   922.42503393  1009.20980289
  1047.79068219  1293.69729449  1433.04951926  1610.74888419
  1818.86034566  2077.46153292  2306.79847241  2527.50560129
  2839.43758416  3227.99434505  3389.39014228  3551.51521188
  3631.50292186  3545.06076594  3733.92085238  3868.35232148
  4010.11902803  4147.9618949   4437.95325855  4385.26595677
  4223.28665975  4477.93204603  4695.10641475  5239.19343798
  5688.70779831  5956.04192312  6252.6461673   6060.10120748
  5999.64700361  6187.3237036   6518.6001817   6901.15109092
  6941.4436555   7309.7344011   7562.02475161  7735.23681245
  7752.64518112  8240.26340148  8636.8244209   8679.19283346
  8991.82584675  9009.36262045  9002.48996799  9025.66546656
  9097.846207    9095.96707233  9095.96707233  9095.96707233
  9095.96707233  9095.96707233  9095.96707233  9162.31687454
  9160.42951213  9160.42951213  9192.98786701  9241.30281579
  9279.17160182  9306.69692808  9391.47283142  9408.34258712
  9420.36975817  9435.07633434  9429.79604983  9419.12598646
  9366.48396099  9346.24502492  9326.93153618  9310.88211651
  9306.26293567  9298.56257683  9256.8371487   9270.48598464
  9274.63401936  9281.316073    9263.39527021  9124.51528783
  9091.30292995  9056.60994754  9008.47682484  8852.60297428
  8786.18279106  8730.41542617  8770.68702282  8835.90278427
  8766.36067322  8861.56431114  8769.36851546  8695.00427855
  8646.18395247  8610.95845608  8561.59344641  8529.9306252
  8499.04953601  8481.63730026  8479.95322129  8479.95322129
  8462.69918408  8439.91725059  8438.24748057  8438.24748057
  8438.24748057  8438.24748057  8438.24748057  8438.24748057
  8438.24748057  8438.24748057  8438.24748057  8438.24748057
  8438.24748057  8438.24748057  8312.95356296  8282.12806781
  8280.49620405  8280.49620405  8312.10934228  8299.05424025
  8297.40484653  8297.40484653  8309.68650434  8308.01308223
  8308.01308223  8353.0766194   8662.77987973  8379.11901907
  8182.69323537  7906.91816166  7906.51790001  7655.15837604
  7206.38324182  7068.03267079  6912.2497794   6758.98722141
  6849.49305107  6756.57449587  6611.36891398  6468.11536956
  6466.93623323  6466.93623323  6552.52777383  6199.58381177
  6375.71493201  6243.37843558  6242.23548716  6124.21745359
  5727.70507878  6129.22613403  6352.0489256   5567.29963307
  4134.54143658  3935.1039528   3309.72042601  4079.42940542
  3782.75207229  3505.7722552   2848.6477608   3018.16358544
  2884.43849805  2621.82380991  2588.7432108   2644.57089034
  2564.73165713  2608.53075223  2710.07169942  2709.44841722
  2686.58849574  2686.06892408  2686.06892408  2689.95894223
  2689.41730121  2689.41730121  2689.41730121  2689.41730121
  2689.41730121  2797.38805296  2758.70561171  2724.2040301
  2767.88344205  2744.09154249  2721.67466697  2704.91899947
  2675.88934985  2833.10347263  2981.0760347   2688.08185698
  3245.95874879  3767.64744624  4305.90929908  4631.47323186
  4999.47836532  5908.02671849  6017.87961746  6347.67206361
  6625.21321428  6936.26910257  7034.22902294  7502.81657277
  7779.73656227  7902.63015256  7900.94958787  7900.94958787
  7900.94958787  7900.94958787  7900.94958787  7900.94958787
  7900.94958787  7900.94958787  7961.14266672  7959.50070354
  7959.50070354  7959.50070354  7930.67863747  7916.59892491
  7936.64042473  7819.673519    8056.67055544  7726.95644375
  7659.24498274  7387.85415395  6411.68074687  5966.52909972
  5947.03570513  5741.29039493  5462.66427557  5632.47896383
  4960.31425751  4537.07178637  2453.18331717  1465.98361947
   774.40029691   988.0096082    504.30299395   584.14255445
  1036.05605787   925.68229188   411.22624933   418.48809284
   511.94712751  1080.00581647  2140.45602254  3134.83409385
  4092.79746593  4660.0278317   5346.21975135  5785.57617325
  6306.87429269  6699.52168302  7159.32939374  7599.59130984
  8195.4526302   8683.50599818  9135.6618      9524.08619519
  9933.35211661 10298.09135479 10667.48380813 10940.78462802
 11295.08020132 11406.53040473 11317.31781349 11598.00776157
 11878.49874181 12059.87071475 12404.64365883 12494.53510232
 12615.96201323 12538.17165135 12619.98144168 12852.13086693
 13102.0685335  13262.55694264 13389.2646905  13484.15398384
 13354.04722727 13349.49492992 13712.48486155 13380.22101871
 12393.06064592 11239.33412697 10287.56220163  8931.37292182
  8395.15823224  7706.53642626  8240.89025278  7586.24688679
  6931.70384742  6471.75604674  6034.80395066  4683.9864926
  3055.3013086   1668.5683733   1485.46246807  1134.68157033
  1248.62396826  1650.02545524  2119.50371682  1838.42733723
  1776.33192793  2624.20545904  1472.50328242  1149.39455964
  1287.12937569   813.85056567   815.46967396  1595.67155605
  1934.93892348   961.28056244   996.40875735   793.25752718
  1086.56390639  2229.85772363  1146.45485651   984.15653046
  1345.48364671   819.70259169   497.54040131   720.33833351
   497.54040131  1062.8154977   1441.92287345  1682.51272593
  1752.36603308]",1,Random,
2.863990824685201,0.5350301702044241,3863.990824685201,1.7521096063443615,0.55375,"[1000.         1000.94796294 1004.05036122 1015.68969986  998.29815364
 1013.84409729  996.53599954  999.06598335  996.92738736  998.79557376
 1000.9592547  1064.98181182 1082.76742409 1086.05177683 1078.72415572
 1081.40469466 1091.21685037 1136.00758834 1171.945497   1161.81463982
 1185.91066818 1223.98886992 1243.23634665 1244.55446883 1272.84622617
 1298.10823664 1300.75195446 1347.55017043 1380.31687728 1403.14641147
 1406.85784607 1417.59432348 1446.8083204  1467.63368741 1471.68351038
 1482.44745833 1487.85970891 1496.10800621 1500.71694035 1498.57500876
 1520.59436015 1532.45522278 1530.52157628 1533.85482723 1557.64841513
 1571.34773195 1572.32074922 1578.04472394 1588.3193443  1597.83766426
 1612.14058356 1603.43637316 1593.89367652 1591.30178838 1601.90545165
 1607.81937961 1615.13595131 1622.20942993 1623.35400275 1626.49240207
 1642.75389425 1649.24129001 1658.96901816 1674.0559755  1676.11312288
 1682.6313636  1697.04522975 1702.33743542 1707.29824419 1716.74193606
 1717.34537825 1719.38926472 1711.70737256 1718.90942713 1706.06411041
 1707.84477882 1717.40160591 1722.88856354 1722.06075725 1724.40130372
 1726.34572541 1730.7473116  1731.97784921 1721.47114782 1730.23672418
 1719.50369668 1715.55558399 1712.08749523 1703.2966112  1685.60154724
 1674.04749196 1656.22413754 1649.97330294 1642.45690708 1637.35431747
 1631.84055327 1611.93501796 1607.41996786 1603.15250181 1591.87801651
 1587.78187125 1580.01937094 1575.97029383 1577.31972531 1572.96939542
 1569.16880786 1565.65752654 1562.15609165 1559.19375547 1550.06048842
 1535.40128878 1520.65067503 1503.81897123 1483.73389909 1467.36659877
 1450.54246118 1427.20208575 1409.62825428 1390.51280456 1366.3612353
 1342.89774471 1323.09956311 1303.36825924 1282.66415948 1261.94482565
 1240.47105991 1218.42802279 1191.356343   1167.57726696 1142.40111467
 1115.34475296 1061.40434632 1025.47313665  986.38604801  940.75066132
  913.84962094  899.84643687  889.33812691  934.47494466  961.5077604
  874.50407686 1414.15918315 1378.00198265 1402.41410943 1522.96395442
 1570.58080236 1523.45005115 1537.67755348 1547.19839667 1593.90970349
 1614.81673419 1632.02278166 1565.04179203 1644.71183478 1657.39153055
 1675.88769022 1625.5173537  1629.07146205 1609.57586957 1631.68819903
 1633.78848084 1638.30289306 1653.84612632 1640.71682716 1649.21323336
 1689.47534469 1703.85436829 1670.09267505 1675.59558092 1677.00337781
 1624.2020708  1627.83101809 1596.01298008 1685.21352262 1687.98244582
 1693.01597088 1699.29192648 1739.45730728 1744.50612946 1739.6351177
 1727.64596959 1713.56614117 1710.64620362 1709.19860256 1706.82102695
 1691.45350855 1680.98950568 1670.54309312 1643.13576534 1680.6135392
 1729.20610459 1767.03139227 1801.10050137 1834.27671555 1863.86087714
 1889.43321825 1912.14008503 1928.06763478 1947.84943584 1965.36263767
 1981.31856174 1996.44383941 2016.71026857 2027.11571931 2048.46818829
 2045.74375492 2057.00212437 2067.4199085  2076.8499131  2086.18913934
 2094.54115504 2098.39901885 2100.71205512 2108.37739924 2092.80007282
 2094.83878685 2091.57872282 2093.81625391 2095.89056542 2100.80524442
 2102.96448382 2107.1557633  2108.84393317 2125.87353667 2127.04805918
 2127.92114376 2128.78138885 2139.21428819 2157.32744994 2164.36823563
 2164.86679662 2165.30316814 2165.4200803  2165.32036979 2165.22152117
 2165.00537595 2165.02027826 2165.60774746 2163.73985891 2162.24377987
 2166.12224713 2166.50156389 2166.72535814 2152.41337466 2152.84497083
 2152.71429008 2152.8977748  2152.74583998 2152.749531   2152.83329557
 2128.97398344 2129.25255906 2129.73082792 2105.84347374 2120.75375657
 2134.22614646 2144.29466825 2157.44225497 2166.02089229 2173.47186309
 2179.64242432 2185.05025655 2189.62225336 2199.56991037 2226.64151851
 2227.62239575 2231.26918351 2232.70852059 2231.06613923 2232.53989701
 2228.00827021 2221.85747757 2226.31600567 2233.09927158 2234.83222022
 2215.61582678 2190.40140526 2171.40535475 2157.80264211 2152.46983351
 2169.2682234  2170.50575132 2144.36580057 2115.04959182 2095.26240107
 2070.61229084 2085.99741295 2083.38579176 2059.52535866 2030.31370387
 2007.24685344 1963.71217646 1937.26705923 1946.28662838 1921.04585831
 1924.56844719 1916.57935247 1916.30912698 1907.39728197 1905.20108178
 1940.51389876 1933.59913747 1927.16137941 1917.69669237 1891.66163887
 1905.00668964 1894.65041616 1903.77833582 1952.39691389 1926.8731672
 1938.14830778 1937.61897121 1942.3100607  1977.0841656  1981.82596752
 1974.53353527 1950.95239513 1976.30629896 1977.04998674 2024.5218746
 2031.40142641 2012.64473525 2031.26681637 2029.30426816 2041.3376996
 2078.34415155 2100.55862108 2096.15514135 2130.30680779 2132.30206552
 2151.99731429 2171.55407808 2179.35507039 2194.50893291 2197.14555422
 2229.19181326 2240.56157787 2245.23942282 2267.61403612 2286.10094324
 2297.33966719 2304.62899734 2324.05775243 2328.71465903 2334.53556322
 2365.8040652  2376.05292824 2382.00516282 2368.67168773 2379.90755974
 2387.22980333 2368.98185852 2376.31950897 2377.08901294 2392.74762715
 2390.81683952 2378.09081284 2388.77695239 2403.38447589 2409.9172285
 2403.53619422 2411.01851515 2407.52988324 2420.32466582 2426.69159093
 2430.41384379 2438.39216021 2438.70743836 2439.01087048 2436.99139948
 2452.40371268 2463.72447958 2449.52371676 2455.88766713 2458.33562498
 2453.93931791 2452.91883212 2467.73455285 2472.08064453 2482.90517841
 2483.4883383  2500.80269269 2506.70122598 2509.16095309 2497.5680319
 2505.68369654 2501.44770366 2503.20875498 2515.75335629 2516.75792836
 2512.43714261 2524.30980684 2521.76617906 2526.19338635 2523.38296244
 2525.12613538 2504.98654377 2501.4251652  2492.8988733  2502.71235005
 2515.19611499 2519.66702471 2506.63281822 2494.37462544 2482.43740761
 2469.84891033 2459.45136015 2448.33736124 2440.15277045 2432.2102428
 2421.5430762  2411.26680797 2401.79792817 2392.32555855 2382.91313464
 2373.75776114 2366.18038329 2357.56609637 2352.80496172 2344.2431729
 2336.0256691  2327.99446231 2320.21961011 2312.54776881 2305.05786816
 2301.82597651 2294.78358865 2305.11577104 2286.93728708 2299.93719498
 2273.91466373 2243.24937989 2212.98958877 2180.06993445 2157.84764043
 2122.12039712 2111.51909168 2100.77312799 2090.13369687 2080.30148092
 2069.54452022 2058.26154087 2046.75911233 2035.86667832 2035.63147653
 2025.00359289 2018.79245778 2033.14499975 2012.325753   2009.82487626
 1965.77234704 1927.9374535  1844.36340616 1771.92752353 1714.82713642
 1641.16458814 1563.38146065 1543.22147437 1505.47728885 1363.04776941
 1215.31324597 1228.46331345 1174.60370888 1198.13566399 1231.72831645
 1182.90719058 1306.55729059 1337.0419049  1297.37353615 1340.69257211
 1364.49075442 1379.82137703 1392.63017553 1398.54735817 1524.99917273
 1429.5591763  1437.84218473 1452.24047269 1415.54329026 1448.87945869
 1467.42072102 1582.2097791  1667.55116723 1736.48732594 1792.58899114
 1843.58973632 1884.25272295 1920.27601125 1967.64531446 2021.45903278
 2046.78464104 2079.54210855 2095.14058869 2082.76034344 2119.87181255
 2145.29695526 2171.49336375 2196.36342845 2234.8339377  2228.17756332
 2207.5979589  2252.09247425 2279.46250816 2332.36812726 2372.34846674
 2394.6135847  2418.44555767 2403.53167642 2398.72434634 2417.5992468
 2443.57106748 2479.52333816 2482.48406244 2508.82419415 2526.12118075
 2537.67974271 2539.22514595 2579.15173102 2610.1577096  2614.5829732
 2661.93360902 2667.67573587 2665.64085192 2669.33774152 2691.22072797
 2717.14333119 2739.16775454 2748.05671684 2745.35021111 2769.82904397
 2796.64934721 2817.5871356  2834.20059773 2847.48773813 2858.16724433
 2865.95090863 2871.82146099 2876.07970149 2889.17813617 2891.08497662
 2892.31626019 2893.82087655 2893.28043722 2892.18894707 2886.80051335
 2884.71911682 2882.02412706 2879.54383824 2878.68623196 2877.7827338
 2873.66965802 2875.08027295 2875.50852074 2876.16974956 2874.7811063
 2866.27356501 2863.80183375 2860.34746162 2856.68820115 2846.9122095
 2842.63237285 2839.02042462 2841.63670102 2845.86048846 2841.37749386
 2849.23039749 2843.40691005 2837.5164059  2832.38878489 2826.89528007
 2821.67945447 2816.73686435 2811.63702522 2806.42887497 2801.18452443
 2796.14430658 2791.01023339 2783.49660906 2778.47641687 2773.62858962
 2768.57393791 2757.027333   2751.68459107 2753.89314169 2748.59468287
 2743.6643075  2738.38965505 2730.35838622 2708.41117818 2678.39726517
 2639.13921366 2629.3528516  2633.63571413 2631.94924067 2642.52249603
 2638.37222413 2641.41611117 2648.82566542 2653.27024088 2662.47564684
 2675.18455853 2690.21990348 2740.34285009 2695.46642089 2663.86394473
 2634.10300156 2634.18662855 2606.44747431 2568.36400897 2552.0582138
 2524.16635425 2468.64791691 2501.70412314 2467.76661404 2414.73182734
 2362.41000147 2310.61564662 2235.61892517 2265.59507624 2204.76876805
 2267.72403167 2220.65445491 2157.86184949 2117.44588399 2049.09444973
 2120.90447865 2146.66177937 2080.43973612 1973.37599003 1949.5916731
 1872.11821042 1959.24201871 1923.64865124 1876.78758098 1701.01511759
 1802.20276765 1722.35297092 1644.08719962 1623.51098367 1641.17107589
 1591.95956035 1619.14612284 1682.17379877 1643.79222303 1630.22146652
 1627.31303982 1627.89371835 1630.57637812 1633.65540346 1652.36910048
 1683.99538252 1667.13382889 1761.46016878 1832.45348628 1819.88175889
 1797.46049651 1826.28059996 1818.57953566 1811.14983838 1805.57330674
 1799.23221727 1852.25769045 1900.61784016 1807.20661074 1932.31262361
 2035.77695861 2132.67824539 2172.99281369 2207.5797671  2287.78815447
 2298.47304075 2323.75178951 2344.05197582 2366.04651406 2374.50103725
 2427.38098042 2472.40782405 2511.97528417 2544.73084821 2502.23210479
 2537.54906671 2579.7047828  2600.20222342 2617.66500886 2631.50557982
 2643.75157089 2664.41183242 2672.78117862 2685.25389514 2693.08655858
 2683.86699176 2681.74924262 2685.14324511 2665.35630133 2705.74296482
 2668.96482687 2661.15438982 2614.26312282 2499.27615215 2412.59818448
 2408.64162369 2366.97582276 2328.82729759 2347.02372342 2276.99094366
 2238.17236152 2032.54172502 1868.79187552 1692.33911165 1808.98571037
 1631.79367764 1683.32003913 1943.7339541  1902.11136759 1637.89461977
 1643.61799466 1735.46081074 2120.64186748 2536.78235175 2772.14850696
 2941.38618231 3043.31106912 3155.28039863 3220.03684569 3316.92767225
 3385.72092532 3463.14960625 3516.47997448 3571.72339508 3614.21961782
 3651.82452957 3682.84761312 3714.4743895  3741.72715713 3768.54847414
 3792.85296548 3817.5508935  3827.13907608 3821.29511628 3845.17527089
 3876.41672689 3906.39242033 3943.8427164  3958.51912289 3977.75155026
 3969.81803188 3983.15539378 4019.78869483 4046.07068378 4062.58039748
 4075.5114204  4085.1338846  4071.99104845 4071.84107781 4109.01880681
 4075.81562679 4000.82703788 3907.66897354 3841.57025822 3740.23210934
 3684.1998304  3608.61655055 3692.17966279 3545.87969185 3392.88444178
 3318.00830068 3262.1324707  3079.55227168 2811.75019422 2556.39215878
 2500.08124565 2381.96128801 2429.7051711  2585.88481319 2732.91110123
 2660.30876819 2642.27968729 2894.50635571 2640.23838096 2495.33150127
 2570.00614148 2381.00553881 2382.15766641 2838.16913834 2958.49309618
 2660.65461542 2684.85663196 2575.43989654 2765.80577904 3493.34407426
 3153.34032268 3041.62560768 3320.74002025 2996.14589869 2760.49484762
 3007.53577296 2821.29405562 3462.22174955 3708.70446688 3832.26881876
 3863.99082469]",1,BuyAndHold,
-0.9941351608438715,0.999595073308596,5.8648391561284905,-0.046116365490834026,0.3675,"[1.00000000e+03 1.00000000e+03 1.00000000e+03 1.00000000e+03
 1.00000000e+03 1.00000000e+03 1.00000000e+03 1.00000000e+03
 1.00000000e+03 1.00000000e+03 1.00000000e+03 1.00000000e+03
 1.00000000e+03 1.00000000e+03 1.00000000e+03 1.00000000e+03
 1.00000000e+03 1.00000000e+03 1.00000000e+03 1.00000000e+03
 1.00000000e+03 1.00000000e+03 1.00000000e+03 1.00000000e+03
 1.00000000e+03 1.00000000e+03 1.00000000e+03 1.00000000e+03
 1.00000000e+03 1.00000000e+03 1.00000000e+03 1.00000000e+03
 1.00000000e+03 1.00000000e+03 1.00000000e+03 1.00000000e+03
 1.00000000e+03 1.00000000e+03 1.00000000e+03 1.00000000e+03
 1.00000000e+03 1.00000000e+03 1.00000000e+03 1.00000000e+03
 1.00000000e+03 1.00000000e+03 1.00000000e+03 1.00000000e+03
 1.00000000e+03 1.00579788e+03 1.01480116e+03 1.00932208e+03
 1.00331520e+03 1.00168367e+03 1.00835841e+03 1.01561809e+03
 1.02486290e+03 1.03384155e+03 1.03530226e+03 1.03930561e+03
 1.06008815e+03 1.06846525e+03 1.08717311e+03 1.11684156e+03
 1.12097112e+03 1.13405082e+03 1.16319988e+03 1.17409419e+03
 1.18436294e+03 1.19722976e+03 1.19807401e+03 1.20092593e+03
 1.19019551e+03 1.20021317e+03 1.18227696e+03 1.18575303e+03
 1.20566023e+03 1.21722433e+03 1.21547448e+03 1.22043123e+03
 1.22456167e+03 1.23681167e+03 1.24033647e+03 1.21024157e+03
 1.23490895e+03 1.20428244e+03 1.19323985e+03 1.18095139e+03
 1.15064239e+03 1.09089765e+03 1.05355532e+03 9.97499067e+02
 9.78718433e+02 9.56440634e+02 9.41601348e+02 9.25758931e+02
 8.69308418e+02 8.57176627e+02 8.45807820e+02 8.16075267e+02
 8.05598946e+02 7.85914789e+02 7.75860002e+02 7.79189628e+02
 7.68447075e+02 7.59172016e+02 7.50685482e+02 7.42298048e+02
 7.35266551e+02 7.13737330e+02 6.80004437e+02 6.47366347e+02
 6.11563756e+02 5.70750750e+02 5.39301426e+02 5.08408572e+02
 4.67528656e+02 4.38774682e+02 4.09046224e+02 3.73545441e+02
 3.41498761e+02 3.16349226e+02 2.92779654e+02 2.69543234e+02
 2.47790479e+02 2.26724219e+02 2.06595578e+02 1.83659264e+02
 1.65347055e+02 1.47533841e+02 1.30076048e+02 9.86349085e+01
 8.19597488e+01 6.63512679e+01 5.10129889e+01 4.37292222e+01
 4.03839844e+01 3.80284942e+01 4.76806413e+01 5.45864664e+01
 2.98958640e+01 1.22151213e+02 1.06721897e+02 1.16186141e+02
 1.66130354e+02 1.86916081e+02 1.64493796e+02 1.70650416e+02
 1.74880716e+02 1.96002540e+02 2.06300422e+02 2.12857983e+02
 1.86652548e+02 2.15166449e+02 2.20156463e+02 2.27529230e+02
 2.07016513e+02 2.07898833e+02 2.02923030e+02 2.08499484e+02
 2.09037414e+02 2.10192728e+02 2.14181327e+02 2.12437398e+02
 2.13537507e+02 2.18750581e+02 2.20612354e+02 2.16240944e+02
 2.16953452e+02 2.16909487e+02 2.16909487e+02 2.16909487e+02
 2.16909487e+02 2.16909487e+02 2.16909487e+02 2.16909487e+02
 2.16909487e+02 2.16909487e+02 2.16909487e+02 2.16909487e+02
 2.16909487e+02 2.16909487e+02 2.16909487e+02 2.16909487e+02
 2.16909487e+02 2.16909487e+02 2.16909487e+02 2.16909487e+02
 2.16909487e+02 2.16909487e+02 2.16909487e+02 2.16909487e+02
 2.16909487e+02 2.16909487e+02 2.16909487e+02 2.16909487e+02
 2.16909487e+02 2.16909487e+02 2.16909487e+02 2.16909487e+02
 2.16909487e+02 2.16909487e+02 2.16909487e+02 2.16909487e+02
 2.16909487e+02 2.16579429e+02 2.17771341e+02 2.18874255e+02
 2.19872593e+02 2.20861321e+02 2.21745535e+02 2.22520162e+02
 2.23010871e+02 2.24638470e+02 2.21319407e+02 2.21751251e+02
 2.21061143e+02 2.21254107e+02 2.21473291e+02 2.21992627e+02
 2.22220794e+02 2.22663688e+02 2.22842077e+02 2.26396983e+02
 2.26647871e+02 2.26833985e+02 2.27017425e+02 2.29242631e+02
 2.33125173e+02 2.33838625e+02 2.33892480e+02 2.33939626e+02
 2.33952257e+02 2.33941484e+02 2.33930804e+02 2.33837322e+02
 2.33840569e+02 2.33967473e+02 2.33563894e+02 2.33240987e+02
 2.34077791e+02 2.34071799e+02 2.34095968e+02 2.32549682e+02
 2.32596312e+02 2.32582193e+02 2.32602017e+02 2.32555481e+02
 2.32555481e+02 2.32555481e+02 2.32555481e+02 2.32555481e+02
 2.32555481e+02 2.29900637e+02 2.31528442e+02 2.32999260e+02
 2.34098467e+02 2.35533825e+02 2.36470378e+02 2.38052221e+02
 2.39404209e+02 2.40592437e+02 2.41599508e+02 2.43794929e+02
 2.49796477e+02 2.50087532e+02 2.51315878e+02 2.51802725e+02
 2.51247242e+02 2.51745357e+02 2.50212573e+02 2.47400529e+02
 2.49388009e+02 2.52428610e+02 2.53214024e+02 2.44505368e+02
 2.33380213e+02 2.25290708e+02 2.19650080e+02 2.17481999e+02
 2.24272413e+02 2.24788387e+02 2.11210836e+02 1.96783530e+02
 1.87589462e+02 1.76561879e+02 1.83129755e+02 1.81988795e+02
 1.71568369e+02 1.59408962e+02 1.50362724e+02 1.34063729e+02
 1.25048496e+02 1.27966330e+02 1.19670937e+02 1.20774417e+02
 1.18268568e+02 1.18187163e+02 1.15439066e+02 1.14776634e+02
 1.25414060e+02 1.23188708e+02 1.21139728e+02 1.18166634e+02
 1.10147690e+02 1.14039030e+02 1.10942455e+02 1.13617333e+02
 1.28127278e+02 1.21411816e+02 1.24257411e+02 1.24123413e+02
 1.25325533e+02 1.34301313e+02 1.35595501e+02 1.33600508e+02
 1.25599268e+02 1.33766562e+02 1.34025116e+02 1.50116029e+02
 1.52680664e+02 1.45633958e+02 1.52376806e+02 1.51646291e+02
 1.56143056e+02 1.70299959e+02 1.79413384e+02 1.77540431e+02
 1.92004828e+02 1.92916306e+02 2.01826506e+02 2.11004616e+02
 2.14802242e+02 2.22273323e+02 2.23614732e+02 2.36616918e+02
 2.41452521e+02 2.43471901e+02 2.53178262e+02 2.61440541e+02
 2.66586742e+02 2.69073123e+02 2.75879236e+02 2.77540456e+02
 2.79622364e+02 2.90858895e+02 2.94643703e+02 2.96061516e+02
 2.92747332e+02 2.95525293e+02 2.97344340e+02 2.92798918e+02
 2.94613621e+02 2.94649739e+02 2.96590675e+02 2.96351346e+02
 2.94773904e+02 2.96098494e+02 2.97909155e+02 2.98718916e+02
 2.97927961e+02 2.98855425e+02 2.98422995e+02 2.98363656e+02
 2.98363656e+02 2.98363656e+02 2.98363656e+02 2.98363656e+02
 2.98363656e+02 2.98056971e+02 2.99941991e+02 3.01326581e+02
 2.99589752e+02 3.00368097e+02 3.00667495e+02 3.00129803e+02
 2.99820586e+02 3.03442514e+02 3.04512082e+02 3.07179040e+02
 3.07323877e+02 3.11609100e+02 3.13759463e+02 3.14683960e+02
 3.10322587e+02 3.13349411e+02 3.11761435e+02 3.12420518e+02
 3.18621671e+02 3.19134372e+02 3.16943113e+02 3.22935349e+02
 3.21637386e+02 3.23896824e+02 3.22033428e+02 3.23147177e+02
 3.10261483e+02 3.08065941e+02 3.02817359e+02 3.08781812e+02
 3.16487823e+02 3.19306990e+02 3.11050407e+02 3.03451222e+02
 2.96196115e+02 2.88691720e+02 2.82620940e+02 2.76240044e+02
 2.71627816e+02 2.67210807e+02 2.61354639e+02 2.55813706e+02
 2.50795248e+02 2.45853684e+02 2.41021110e+02 2.36394787e+02
 2.32625399e+02 2.28393909e+02 2.26091023e+02 2.21979156e+02
 2.18091772e+02 2.14345863e+02 2.10769540e+02 2.07287799e+02
 2.03933719e+02 2.02506703e+02 1.99410013e+02 2.03901642e+02
 1.95865308e+02 2.01438434e+02 1.90047166e+02 1.77241286e+02
 1.65296693e+02 1.53011248e+02 1.45221968e+02 1.33205821e+02
 1.29887558e+02 1.26585033e+02 1.23382151e+02 1.20482646e+02
 1.17369923e+02 1.14172907e+02 1.10985178e+02 1.08034468e+02
 1.07974372e+02 1.05155788e+02 1.03545315e+02 1.07227348e+02
 1.01740378e+02 1.01112382e+02 9.00316761e+01 8.13756225e+01
 6.37442675e+01 5.12382931e+01 4.29908886e+01 3.37629700e+01
 2.73602683e+01 2.59520910e+01 2.34139414e+01 1.45547689e+01
 8.24776332e+00 8.60668239e+00 7.09753392e+00 7.52377202e+00
 8.15679771e+00 7.18716330e+00 9.44132445e+00 1.01034230e+01
 9.20444445e+00 9.81808185e+00 1.01667752e+01 1.03953057e+01
 1.05883515e+01 1.06783697e+01 1.26093906e+01 1.18174050e+01
 1.18858766e+01 1.20048996e+01 1.17015435e+01 1.19771159e+01
 1.21303866e+01 1.21278377e+01 1.21278377e+01 1.21278377e+01
 1.21278377e+01 1.21278377e+01 1.21278377e+01 1.21278377e+01
 1.21278377e+01 1.21278377e+01 1.21278377e+01 1.21278377e+01
 1.21278377e+01 1.21278377e+01 1.21278377e+01 1.21278377e+01
 1.21278377e+01 1.21278377e+01 1.21278377e+01 1.21278377e+01
 1.21278377e+01 1.21278377e+01 1.21278377e+01 1.21278377e+01
 1.21278377e+01 1.21278377e+01 1.21278377e+01 1.21278377e+01
 1.21278377e+01 1.21278377e+01 1.21278377e+01 1.21278377e+01
 1.21278377e+01 1.21278377e+01 1.21278377e+01 1.21278377e+01
 1.21278377e+01 1.21278377e+01 1.21278377e+01 1.21278377e+01
 1.21278377e+01 1.21278377e+01 1.21278377e+01 1.21278377e+01
 1.21278377e+01 1.21278377e+01 1.21278377e+01 1.21278377e+01
 1.21278377e+01 1.22335592e+01 1.23520165e+01 1.24444928e+01
 1.25178698e+01 1.25765554e+01 1.26237238e+01 1.26900689e+01
 1.27420700e+01 1.27798675e+01 1.28962809e+01 1.29133276e+01
 1.29243303e+01 1.29419354e+01 1.29346910e+01 1.29200551e+01
 1.28478469e+01 1.28200855e+01 1.27841659e+01 1.27376244e+01
 1.27224782e+01 1.27065151e+01 1.26338815e+01 1.26587314e+01
 1.26662885e+01 1.26783247e+01 1.26477302e+01 1.24606081e+01
 1.24070290e+01 1.23322437e+01 1.22534196e+01 1.20438177e+01
 1.19534541e+01 1.18775835e+01 1.19323724e+01 1.20210973e+01
 1.19264865e+01 1.20913718e+01 1.19679385e+01 1.18440704e+01
 1.17371527e+01 1.16234147e+01 1.15162748e+01 1.14154976e+01
 1.13122360e+01 1.12075466e+01 1.11029125e+01 1.10031073e+01
 1.09021711e+01 1.07555036e+01 1.06586289e+01 1.05657210e+01
 1.04695202e+01 1.02512758e+01 1.01521196e+01 1.01929397e+01
 1.00949169e+01 1.00044544e+01 9.90835921e+00 9.76313713e+00
 9.37086095e+00 8.85193728e+00 8.20360661e+00 8.05199275e+00
 8.11769022e+00 8.09175194e+00 8.25430646e+00 8.18961868e+00
 8.23691185e+00 8.35247851e+00 8.42264687e+00 8.56881344e+00
 8.77344147e+00 9.02015526e+00 9.86065411e+00 9.05397507e+00
 8.52381943e+00 8.04807870e+00 8.04971958e+00 7.62588537e+00
 7.06909127e+00 6.84511224e+00 6.47123004e+00 5.75985009e+00
 6.14600172e+00 5.72945129e+00 5.11410780e+00 4.56050054e+00
 4.06097360e+00 3.40229286e+00 3.58445507e+00 3.19963076e+00
 3.56528691e+00 3.26952197e+00 2.89988022e+00 2.68282139e+00
 2.33653433e+00 2.66424755e+00 2.79389457e+00 2.44922243e+00
 1.94523462e+00 1.87486402e+00 1.65137907e+00 1.88200711e+00
 1.77954505e+00 1.64953110e+00 1.18611233e+00 1.32737212e+00
 1.20978360e+00 1.09985474e+00 1.07234255e+00 1.09567705e+00
 1.02997283e+00 1.04742099e+00 1.08819338e+00 1.06336445e+00
 1.05458557e+00 1.05270411e+00 1.05307975e+00 1.05286883e+00
 1.05286883e+00 1.05286883e+00 1.05286883e+00 1.05286883e+00
 1.05286883e+00 1.05286883e+00 1.05286883e+00 1.05286883e+00
 1.05286883e+00 1.05286883e+00 1.05286883e+00 1.04941993e+00
 1.04573445e+00 1.07655347e+00 1.10466094e+00 1.05036926e+00
 1.12308232e+00 1.12279949e+00 1.12279949e+00 1.12279949e+00
 1.12279949e+00 1.12279949e+00 1.12279949e+00 1.12279949e+00
 1.12279949e+00 1.12279949e+00 1.12279949e+00 1.12279949e+00
 1.12279949e+00 1.12279949e+00 1.12279949e+00 1.12279949e+00
 1.12279949e+00 1.12279949e+00 1.12279949e+00 1.12279949e+00
 1.12279949e+00 1.12279949e+00 1.12279949e+00 1.12279949e+00
 1.12279949e+00 1.12279949e+00 1.12279949e+00 1.12279949e+00
 1.12279949e+00 1.12279949e+00 1.12279949e+00 1.12279949e+00
 1.12279949e+00 1.12279949e+00 1.12279949e+00 1.12279949e+00
 1.12279949e+00 1.10315366e+00 1.08537419e+00 1.09385482e+00
 1.06121532e+00 1.04312351e+00 9.47287215e-01 8.70969894e-01
 7.06381385e-01 8.03777048e-01 6.46339968e-01 6.87176115e-01
 8.99801095e-01 8.61330228e-01 5.02245342e-01 5.07561381e-01
 5.92648769e-01 9.87300614e-01 1.56879689e+00 2.00584774e+00
 2.49598981e+00 2.84231582e+00 3.26084887e+00 3.52882793e+00
 3.95373110e+00 4.28201825e+00 4.77111698e+00 5.13890534e+00
 5.54287505e+00 5.87296283e+00 6.17877183e+00 6.44147701e+00
 6.71827806e+00 6.96496413e+00 7.21479734e+00 7.44765482e+00
 7.69033047e+00 7.78710507e+00 7.72772959e+00 7.96923861e+00
 8.29318080e+00 8.61409738e+00 9.02727563e+00 9.19558691e+00
 9.41910699e+00 9.32535852e+00 9.48208450e+00 9.91824786e+00
 1.02428446e+01 1.04520872e+01 1.06186002e+01 1.07440901e+01
 1.05713601e+01 1.05695498e+01 1.10520748e+01 1.06929565e+01
 9.90623104e+00 8.98401312e+00 8.37665077e+00 7.49310745e+00
 7.04456423e+00 6.60993280e+00 7.06928203e+00 6.22913676e+00
 5.42310545e+00 5.06432901e+00 4.80860703e+00 4.26960759e+00
 3.52710811e+00 2.88654899e+00 2.75945907e+00 2.49873292e+00
 2.59894361e+00 2.76546266e+00 2.92269912e+00 2.84505489e+00
 2.82577377e+00 3.09551642e+00 2.82359071e+00 2.51330333e+00
 2.66377597e+00 2.27201654e+00 2.27426880e+00 3.14498632e+00
 3.41193528e+00 2.38128516e+00 2.44649531e+00 2.14741421e+00
 2.62369749e+00 4.69441170e+00 3.32522281e+00 2.85393951e+00
 3.90174655e+00 2.37704246e+00 1.62973028e+00 2.21341397e+00
 1.66561661e+00 3.55704335e+00 4.82584435e+00 5.63105329e+00
 5.86483916e+00]",1,MeanReversion,
165962.10876654435,0.9060440564263792,165963108.76654434,4.325809614193172,0.52125,"[1.00000000e+03 1.01036637e+03 1.02908473e+03 1.05668017e+03
 1.08481347e+03 1.12066647e+03 1.15060200e+03 1.18051436e+03
 1.20951469e+03 1.09011796e+03 1.10819952e+03 1.14011448e+03
 1.16246672e+03 1.18086879e+03 1.10136853e+03 1.11341149e+03
 1.18947335e+03 1.19990892e+03 1.21027951e+03 1.25282131e+03
 1.33150007e+03 1.48308052e+03 1.59048510e+03 1.66769822e+03
 1.76953812e+03 1.86763884e+03 1.99040770e+03 2.07928423e+03
 2.15477941e+03 2.23134347e+03 2.35222535e+03 2.41914282e+03
 2.48153026e+03 2.63158755e+03 2.68630900e+03 2.76117565e+03
 2.82023354e+03 3.10302432e+03 3.10562393e+03 3.11043606e+03
 3.06797708e+03 3.03394900e+03 3.03678588e+03 3.03872262e+03
 3.04033666e+03 3.04467343e+03 3.09214375e+03 3.08215247e+03
 3.09212135e+03 3.10679661e+03 3.12197755e+03 3.13982973e+03
 3.15270522e+03 3.16558690e+03 3.17894076e+03 3.03509542e+03
 3.22087665e+03 3.10180962e+03 2.88761331e+03 2.75885354e+03
 2.68463520e+03 2.39903986e+03 2.20296208e+03 1.77851279e+03
 1.42962100e+03 9.53475621e+02 7.27774909e+02 7.93680168e+02
 8.48834278e+02 9.07009251e+02 9.54101257e+02 1.03125764e+03
 1.00254127e+03 9.85890875e+02 9.78698849e+02 9.78508676e+02
 9.78508676e+02 9.78508676e+02 9.78508676e+02 9.78508676e+02
 9.78508676e+02 9.78508676e+02 9.71604787e+02 9.61629750e+02
 1.00923310e+03 9.98803335e+02 9.94495248e+02 9.94299602e+02
 9.94299602e+02 9.94299602e+02 9.94299602e+02 9.94299602e+02
 9.94299602e+02 9.94299602e+02 9.94299602e+02 1.05200965e+03
 1.06803079e+03 1.25648829e+03 1.19790678e+03 1.39302023e+03
 1.55461696e+03 1.70696894e+03 1.96985344e+03 2.23552215e+03
 2.61788274e+03 2.85791380e+03 3.10921974e+03 3.34714358e+03
 3.58017169e+03 3.81851438e+03 4.05548243e+03 4.02679189e+03
 4.23988804e+03 4.44490712e+03 5.16113097e+03 5.37658201e+03
 5.57338122e+03 5.77241596e+03 5.96797489e+03 6.67344512e+03
 6.83989817e+03 7.21669811e+03 6.71602499e+03 6.58427374e+03
 6.46634454e+03 6.23356697e+03 6.11018088e+03 5.98065010e+03
 5.84653836e+03 5.71428508e+03 5.58926801e+03 5.23687815e+03
 4.66400229e+03 4.41506283e+03 3.86687503e+03 3.74293553e+03
 3.13992271e+03 2.53917192e+03 1.78519052e+03 1.60546204e+03
 1.10714347e+03 9.44695584e+02 7.89313994e+02 7.40754099e+02
 7.48017015e+02 7.61848690e+02 8.77991246e+02 8.61313559e+02
 8.68249865e+02 1.06998835e+03 9.48992945e+02 9.50383028e+02
 1.62847872e+03 1.51354490e+03 1.32750489e+03 1.27740646e+03
 1.26449657e+03 1.23674000e+03 1.28335502e+03 1.28309041e+03
 1.28347018e+03 1.29861962e+03 1.29579271e+03 1.29903998e+03
 1.30318232e+03 1.31533530e+03 1.05102369e+03 1.08788041e+03
 1.08674644e+03 9.43881945e+02 2.93097824e+03 5.06809366e+03
 4.85924649e+03 4.52296412e+03 4.84420437e+03 5.80883633e+03
 6.15290913e+03 5.64701671e+03 5.96026226e+03 5.68492255e+03
 5.38425754e+03 5.65983935e+03 5.70618061e+03 5.59866233e+03
 5.21127952e+03 4.77686600e+03 4.65710937e+03 3.99205036e+03
 2.54931142e+03 1.73365384e+03 1.13880842e+03 6.78051681e+02
 1.34222891e+03 1.81967004e+03 2.96380072e+03 4.04417645e+03
 5.09789956e+03 3.89989643e+03 5.53607409e+03 7.16682854e+03
 8.60047399e+03 9.94052337e+03 1.12670564e+04 1.24905915e+04
 1.27418546e+04 1.38322515e+04 1.48758026e+04 1.58212123e+04
 1.67006490e+04 1.74743510e+04 1.82652584e+04 1.89974415e+04
 1.98623350e+04 2.05088294e+04 2.13222056e+04 2.12061358e+04
 2.16780601e+04 2.22050069e+04 2.25573298e+04 2.26143171e+04
 2.25731204e+04 2.29049539e+04 2.31749597e+04 2.34195189e+04
 2.36433935e+04 2.38974147e+04 2.43381231e+04 2.49618141e+04
 2.50989888e+04 2.46150376e+04 2.38370221e+04 2.39369287e+04
 2.39857334e+04 2.36815882e+04 2.36926597e+04 2.36925937e+04
 2.32544012e+04 2.31794265e+04 2.31105524e+04 2.30519935e+04
 2.29689027e+04 2.28768400e+04 2.31965955e+04 2.21386019e+04
 2.20222296e+04 2.18770127e+04 2.17294218e+04 2.07430419e+04
 2.05598282e+04 2.03818430e+04 2.02092982e+04 2.00328768e+04
 1.98641278e+04 1.96954494e+04 2.06402374e+04 2.09983475e+04
 2.18199833e+04 2.31082948e+04 2.42171538e+04 2.40118874e+04
 2.36192689e+04 2.39048679e+04 2.49765935e+04 2.73046757e+04
 2.47089526e+04 2.28102674e+04 2.17293697e+04 2.00201893e+04
 1.88177895e+04 1.70590083e+04 1.56116687e+04 1.42209569e+04
 1.38363869e+04 1.38339252e+04 1.38339252e+04 1.38339252e+04
 1.38339252e+04 1.32084695e+04 8.94208913e+03 1.20362269e+04
 1.47889288e+04 2.77343129e+04 2.45358779e+04 2.37375290e+04
 2.40438299e+04 2.47471884e+04 3.06898353e+04 2.91466744e+04
 2.86555307e+04 2.87334839e+04 3.18063970e+04 3.06022567e+04
 3.04505220e+04 2.30908734e+04 2.65786094e+04 7.28876521e+03
 2.35879087e+04 3.22510595e+04 2.70976096e+04 3.81264792e+04
 6.01420760e+04 8.59984860e+04 1.15592486e+05 1.39396636e+05
 1.66441897e+05 1.84376871e+05 2.08367155e+05 2.36008082e+05
 2.49471625e+05 2.61382316e+05 2.69325423e+05 2.64139672e+05
 2.61931568e+05 2.61880898e+05 2.61880898e+05 2.61880898e+05
 2.61880898e+05 2.61880898e+05 2.61880898e+05 2.61880898e+05
 2.61880898e+05 2.61880898e+05 2.61515568e+05 2.57523101e+05
 2.58086131e+05 2.64000786e+05 2.61833584e+05 2.68273805e+05
 2.69118743e+05 2.63679640e+05 2.61287904e+05 2.61237510e+05
 2.61237510e+05 2.61237510e+05 2.58775874e+05 2.49997444e+05
 2.42744657e+05 2.37313535e+05 2.34521457e+05 2.29196636e+05
 2.26561391e+05 2.21294422e+05 2.19962271e+05 2.09861412e+05
 2.01202574e+05 2.01169252e+05 2.01169252e+05 2.01169252e+05
 2.01169252e+05 2.01169252e+05 2.01169252e+05 2.01169252e+05
 2.01169252e+05 2.01169252e+05 2.01169252e+05 2.06978360e+05
 2.16917711e+05 2.29680254e+05 2.26044130e+05 1.76415613e+05
 3.67128202e+05 4.83359178e+05 5.35782664e+05 5.26450208e+05
 5.31201355e+05 5.66831200e+05 6.09732812e+05 6.49453522e+05
 6.92625681e+05 6.07384548e+05 4.82217776e+05 4.75204240e+05
 5.28544705e+05 5.55613163e+05 5.71600249e+05 5.80548412e+05
 5.80425020e+05 5.80425020e+05 5.80425020e+05 5.82739568e+05
 5.82621052e+05 5.82621052e+05 5.83113022e+05 6.09287873e+05
 6.05809577e+05 6.13385009e+05 6.25440075e+05 6.42459046e+05
 6.57429114e+05 6.68974121e+05 6.74899613e+05 7.17656851e+05
 4.14149771e+05 3.30239252e+05 1.61730199e+05 2.46134607e+05
 2.17526938e+05 3.12105950e+05 3.58245948e+05 3.96688984e+05
 4.33754089e+05 4.60336453e+05 4.28001736e+05 2.06201153e+05
 3.58963346e+05 4.20393889e+05 5.20775380e+05 5.91924901e+05
 6.35348527e+05 6.62941743e+05 6.83576799e+05 6.97643035e+05
 7.15667814e+05 7.32362769e+05 7.53690357e+05 8.53667198e+05
 8.26540545e+05 6.62551637e+05 7.55147884e+05 7.88034863e+05
 8.04899298e+05 8.17097837e+05 7.87364543e+05 7.20482480e+05
 7.02399617e+05 7.05319906e+05 7.18071744e+05 2.64814257e+05
 5.12408128e+05 1.83140372e+05 3.61243820e+05 5.90165291e+05
 5.69913334e+05 9.60997928e+05 1.81170009e+06 7.86066158e+05
 7.21255773e+05 8.14586120e+05 1.09606380e+06 8.25011379e+05
 8.09698335e+05 1.19407755e+06 8.90829647e+05 8.57196026e+05
 1.45691722e+06 1.48953376e+06 1.94294264e+06 3.01236393e+06
 3.25264492e+06 3.15890912e+06 3.32656369e+06 3.38329013e+06
 3.69180996e+06 4.06825900e+06 4.03855340e+06 4.48033243e+06
 4.88047670e+06 4.94807936e+06 5.24830281e+06 5.83910333e+06
 5.95031836e+06 6.69416160e+06 7.08835117e+06 6.30896881e+06
 5.97907219e+06 5.76346023e+06 5.76528891e+06 6.35597574e+06
 5.45236458e+06 5.21011119e+06 4.54932547e+06 4.01916640e+06
 3.97082695e+06 3.80068941e+06 3.59833463e+06 2.81519143e+06
 2.65697784e+06 2.59499053e+06 2.46774169e+06 2.08601583e+06
 2.01452173e+06 1.95957919e+06 1.92563386e+06 1.87693876e+06
 1.80847352e+06 1.68898831e+06 1.60931514e+06 1.89370871e+06
 1.79904922e+06 1.90038646e+06 1.89992501e+06 1.89992501e+06
 1.89992501e+06 1.89992501e+06 1.89992501e+06 1.89992501e+06
 1.89992501e+06 1.89992501e+06 1.89992501e+06 1.89992501e+06
 1.75912166e+06 1.92887712e+06 1.52821020e+06 2.49004178e+06
 3.08994265e+06 3.42821599e+06 3.89525493e+06 3.79636083e+06
 3.97071790e+06 4.12013870e+06 4.20131041e+06 4.76101705e+06
 4.68064307e+06 3.99067160e+06 4.03022627e+06 4.22053985e+06
 3.48251276e+06 3.08504035e+06 3.63410236e+06 3.96911370e+06
 4.04917838e+06 4.09003052e+06 4.07998337e+06 4.07899362e+06
 4.07817780e+06 4.38208644e+06 4.37588432e+06 3.97466002e+06
 4.02152943e+06 3.29721918e+06 3.91454555e+06 3.95335121e+06
 4.00820053e+06 3.92073163e+06 4.02819596e+06 3.25127195e+06
 2.97178057e+06 2.73944472e+06 4.92110949e+06 3.42309616e+06
 4.34310163e+06 2.94997755e+06 3.19219217e+06 3.41779898e+06
 3.64700561e+06 4.35846906e+06 4.63328364e+06 6.06312210e+06
 6.63333813e+06 6.77091753e+06 4.65322591e+06 5.23125532e+06
 8.16074457e+06 1.08086843e+07 1.06759563e+07 1.19722952e+07
 1.26054116e+07 1.31855860e+07 1.45440929e+07 1.40686355e+07
 1.60205646e+07 1.49661821e+07 1.29755483e+07 1.15806982e+07
 9.22989854e+06 1.02757133e+07 1.01748144e+07 1.34206093e+07
 1.66725750e+07 1.69849630e+07 1.69846609e+07 1.73818246e+07
 1.73444853e+07 1.38909572e+07 1.38882555e+07 1.37893427e+07
 1.29691924e+07 1.06921919e+07 1.19361523e+07 9.56268028e+06
 1.29623036e+07 1.41649440e+07 1.56305400e+07 1.70220380e+07
 1.83637723e+07 2.01218067e+07 2.13540575e+07 2.25556946e+07
 2.27822044e+07 2.47991465e+07 2.59931236e+07 2.71375435e+07
 2.82391748e+07 2.92959855e+07 3.03299393e+07 3.21023872e+07
 3.28581890e+07 3.35401887e+07 3.38771130e+07 3.43620004e+07
 3.46828222e+07 3.49875815e+07 3.51265018e+07 3.54749575e+07
 3.61691128e+07 3.65762263e+07 3.70494005e+07 3.75489750e+07
 3.79444815e+07 3.82157637e+07 3.83426959e+07 3.85853277e+07
 3.88920591e+07 3.93050594e+07 3.99013901e+07 4.01127333e+07
 4.03860169e+07 4.17754694e+07 4.20624732e+07 4.23299874e+07
 4.12372068e+07 4.15482092e+07 4.17258506e+07 4.19096682e+07
 4.20106414e+07 4.16556888e+07 4.17075119e+07 4.16754261e+07
 4.17401783e+07 4.11332965e+07 4.11590884e+07 4.11436137e+07
 4.14743105e+07 4.15741225e+07 4.22748515e+07 4.17075182e+07
 4.14791070e+07 4.13283186e+07 4.13201654e+07 4.13201654e+07
 4.13201654e+07 4.11974889e+07 4.05726536e+07 4.02172116e+07
 3.96792741e+07 3.97298300e+07 4.07376228e+07 4.04227195e+07
 4.02197248e+07 4.01222864e+07 4.01143320e+07 4.01143320e+07
 4.01143320e+07 4.01143320e+07 4.01143320e+07 4.01143320e+07
 4.01143320e+07 4.01143320e+07 4.01143320e+07 4.01143320e+07
 4.01143320e+07 4.01143320e+07 4.01143320e+07 4.01143320e+07
 4.01143320e+07 4.01143320e+07 4.01143320e+07 4.01143320e+07
 4.01143320e+07 4.01143320e+07 4.01143320e+07 4.01143320e+07
 4.01143320e+07 4.01143320e+07 3.95201967e+07 3.89946926e+07
 4.10657806e+07 3.91256815e+07 3.67983709e+07 3.40601390e+07
 3.21754901e+07 3.04257235e+07 2.87009022e+07 2.71739847e+07
 2.60665676e+07 2.50988586e+07 2.47440842e+07 2.39436394e+07
 2.10173847e+07 2.03175739e+07 1.90076271e+07 1.85248588e+07
 1.81560276e+07 1.78578132e+07 1.84902739e+07 1.70286805e+07
 1.96069711e+07 2.05518625e+07 2.28766280e+07 2.49867877e+07
 2.74353901e+07 2.90850105e+07 3.06854966e+07 3.62913603e+07
 4.53782620e+07 5.38235292e+07 6.32317475e+07 6.97121449e+07
 7.58877016e+07 8.16595451e+07 8.64499434e+07 9.98567999e+07
 9.97753264e+07 1.06291661e+08 1.19307691e+08 1.31872180e+08
 1.44622274e+08 1.49114000e+08 1.58376733e+08 1.72475502e+08
 1.82288524e+08 1.79599939e+08 1.87925758e+08 1.86490500e+08
 1.88732464e+08 1.89539127e+08 1.90765682e+08 1.93436475e+08
 1.94509818e+08 1.95871918e+08 1.95578910e+08 1.98365210e+08
 1.91464945e+08 1.97212637e+08 1.93963594e+08 1.88545428e+08
 1.79489434e+08 1.67534219e+08 1.61969903e+08 1.58974881e+08
 1.58741782e+08 1.59606891e+08 1.59128433e+08 1.58552510e+08
 1.57928583e+08 1.64472021e+08 1.63833838e+08 1.63083296e+08
 1.60710249e+08 1.59911494e+08 1.58444805e+08 1.61924716e+08
 1.63926726e+08 1.66270310e+08 1.68457433e+08 1.70317693e+08
 1.74547236e+08 1.73323435e+08 1.69756501e+08 1.71664673e+08
 1.75986903e+08 1.77511436e+08 1.79151019e+08 1.82499295e+08
 1.89492123e+08 1.90703420e+08 1.91464853e+08 1.88011733e+08
 1.86290687e+08 1.88008826e+08 1.88597218e+08 1.89015341e+08
 1.88328088e+08 1.88628676e+08 1.88764847e+08 1.88835813e+08
 1.88806270e+08 1.88395101e+08 1.87326778e+08 1.84191156e+08
 1.82721472e+08 1.82057171e+08 1.82021255e+08 1.82021255e+08
 1.82021255e+08 1.82021255e+08 1.81040251e+08 1.78074030e+08
 1.76316626e+08 1.67651676e+08 1.58840766e+08 1.65175316e+08
 1.65027565e+08 1.63646399e+08 1.64392367e+08 1.65000217e+08
 1.65854483e+08 1.60710810e+08 1.63471246e+08 1.64530164e+08
 1.65963109e+08]",0,DQN,655.0
5419.355499887239,0.9614467249925472,5420355.499887238,4.546138028495008,0.36875,"[1.00000000e+03 1.00094796e+03 1.00695545e+03 1.04178437e+03
 9.70274909e+02 1.04566586e+03 9.56473310e+02 9.68681067e+02
 9.58323176e+02 9.67310610e+02 9.77795233e+02 1.29050849e+03
 1.39857880e+03 1.41988253e+03 1.37199987e+03 1.38908365e+03
 1.45211691e+03 1.75019144e+03 2.02730643e+03 1.93993038e+03
 2.14116853e+03 2.48509468e+03 2.68079725e+03 2.69517496e+03
 3.00152603e+03 3.29964736e+03 3.33350469e+03 3.93319316e+03
 4.41193247e+03 4.77720432e+03 4.84069611e+03 5.02545709e+03
 5.54343626e+03 5.94284542e+03 6.02517735e+03 6.24558586e+03
 6.35977702e+03 6.53615428e+03 6.63697542e+03 6.58969324e+03
 7.07385999e+03 7.35015558e+03 7.30401156e+03 7.38358356e+03
 7.95632891e+03 8.30668955e+03 8.33269827e+03 8.48439357e+03
 8.76072534e+03 8.96915622e+03 9.20830742e+03 9.00795624e+03
 8.84548019e+03 8.78628136e+03 8.96021088e+03 9.09099753e+03
 9.29614872e+03 9.49987946e+03 9.52492327e+03 9.61510563e+03
 9.99776508e+03 1.01936127e+04 1.04943986e+04 1.09718345e+04
 1.10396435e+04 1.12543586e+04 1.17365721e+04 1.19199725e+04
 1.20938020e+04 1.24284190e+04 1.24436268e+04 1.24855722e+04
 1.22600096e+04 1.24124852e+04 1.22245070e+04 1.22350050e+04
 1.22325472e+04 1.22325472e+04 1.22325472e+04 1.22325472e+04
 1.22325472e+04 1.22325472e+04 1.22325472e+04 1.22325472e+04
 1.22325472e+04 1.22325472e+04 1.22325472e+04 1.22325472e+04
 1.22325472e+04 1.22325472e+04 1.22325472e+04 1.22325472e+04
 1.22325472e+04 1.22325472e+04 1.22325472e+04 1.22325472e+04
 1.22325472e+04 1.22325472e+04 1.22325472e+04 1.22325472e+04
 1.22325472e+04 1.22325472e+04 1.22325472e+04 1.22325472e+04
 1.22325472e+04 1.22325472e+04 1.22325472e+04 1.22325472e+04
 1.22325472e+04 1.22325472e+04 1.22325472e+04 1.22325472e+04
 1.22325472e+04 1.22325472e+04 1.22325472e+04 1.22325472e+04
 1.22325472e+04 1.22325472e+04 1.22325472e+04 1.22325472e+04
 1.22325472e+04 1.22325472e+04 1.22325472e+04 1.22325472e+04
 1.22325472e+04 1.22325472e+04 1.22325472e+04 1.22325472e+04
 1.22325472e+04 1.22325472e+04 1.22325472e+04 1.22325472e+04
 1.22325472e+04 1.22325472e+04 1.22325472e+04 1.22325472e+04
 1.22325472e+04 1.22325472e+04 1.22325472e+04 1.22325472e+04
 1.22325472e+04 1.97797599e+04 1.97697637e+04 2.01164517e+04
 2.35716433e+04 2.57844510e+04 2.26876804e+04 2.37444927e+04
 2.44804687e+04 2.81765086e+04 3.00277436e+04 3.13027803e+04
 2.74428938e+04 3.02348382e+04 3.04613764e+04 3.11357341e+04
 2.83233039e+04 2.85670372e+04 2.68526186e+04 2.86984238e+04
 2.88846815e+04 2.92838959e+04 3.06733589e+04 2.94569876e+04
 3.02206403e+04 3.39101345e+04 3.53564032e+04 3.18546832e+04
 3.23820591e+04 3.25185205e+04 2.73993190e+04 2.77089727e+04
 2.50011869e+04 3.19897133e+04 3.22592954e+04 3.27404963e+04
 3.33477257e+04 3.64943499e+04 3.68062153e+04 3.63882490e+04
 3.51276600e+04 3.36972319e+04 3.34616958e+04 3.33702313e+04
 3.31779393e+04 3.16781539e+04 3.06994368e+04 2.97463006e+04
 2.73069195e+04 3.04229160e+04 3.48238098e+04 3.86364710e+04
 4.23644206e+04 4.62693860e+04 5.00040196e+04 5.27408003e+04
 5.46328981e+04 5.55323939e+04 5.60908609e+04 5.60791843e+04
 5.65236512e+04 5.73764393e+04 5.79472329e+04 5.85350155e+04
 5.91397597e+04 5.89721043e+04 5.99340336e+04 6.11376483e+04
 6.25209518e+04 6.36339396e+04 6.48961241e+04 6.54948102e+04
 6.58562630e+04 6.68045428e+04 6.53108460e+04 6.55532466e+04
 6.52341791e+04 6.55004881e+04 6.58121218e+04 6.64164626e+04
 6.66082099e+04 6.71262074e+04 6.73822742e+04 6.95455063e+04
 6.96477577e+04 6.97483609e+04 6.98755160e+04 7.12314370e+04
 7.42339295e+04 7.54477960e+04 7.55356770e+04 7.55815291e+04
 7.55786679e+04 7.55496586e+04 7.55173308e+04 7.54796517e+04
 7.54822795e+04 7.55491120e+04 7.52083630e+04 7.49486153e+04
 7.56210079e+04 7.56877609e+04 7.57269062e+04 7.32259233e+04
 7.33012862e+04 7.32790994e+04 7.33103466e+04 7.32845032e+04
 7.32851521e+04 7.32819017e+04 7.08307433e+04 7.08373494e+04
 7.08390842e+04 7.08249008e+04 7.08249008e+04 7.08249008e+04
 7.08249008e+04 7.08249008e+04 7.08249008e+04 7.08249008e+04
 7.08249008e+04 7.08249008e+04 7.08249008e+04 7.08249008e+04
 7.08249008e+04 7.08249008e+04 7.08249008e+04 7.08249008e+04
 7.08249008e+04 7.08249008e+04 7.08249008e+04 7.08249008e+04
 7.08249008e+04 7.08249008e+04 7.08249008e+04 7.08249008e+04
 7.08249008e+04 7.08249008e+04 7.08249008e+04 7.08249008e+04
 7.08249008e+04 7.08249008e+04 7.08249008e+04 7.08249008e+04
 7.08249008e+04 7.08249008e+04 7.08249008e+04 7.08249008e+04
 7.08249008e+04 7.08249008e+04 7.08249008e+04 7.08249008e+04
 7.08249008e+04 7.08249008e+04 7.08249008e+04 7.08249008e+04
 7.08249008e+04 7.08249008e+04 7.08249008e+04 7.08249008e+04
 7.08249008e+04 7.08249008e+04 7.08249008e+04 7.08249008e+04
 7.08249008e+04 7.08249008e+04 7.08249008e+04 7.08249008e+04
 7.08249008e+04 7.08249008e+04 7.08249008e+04 7.08249008e+04
 7.08249008e+04 7.08249008e+04 7.08249008e+04 7.08249008e+04
 7.08249008e+04 7.08249008e+04 7.08249008e+04 7.08249008e+04
 7.08249008e+04 7.08249008e+04 7.08249008e+04 7.08249008e+04
 7.08249008e+04 7.08249008e+04 7.08249008e+04 7.08249008e+04
 7.19647709e+04 7.20879554e+04 7.40713355e+04 7.67520587e+04
 7.81183628e+04 8.08354135e+04 8.13232513e+04 8.72543069e+04
 8.94844830e+04 9.04204331e+04 9.49265481e+04 9.87997773e+04
 1.01231530e+05 1.02839524e+05 1.07175677e+05 1.08253046e+05
 1.09606873e+05 1.16948277e+05 1.19487610e+05 1.20986316e+05
 1.17601371e+05 1.20393248e+05 1.22247589e+05 1.17576799e+05
 1.19012903e+05 1.19105291e+05 1.20650637e+05 1.20337282e+05
 1.17751258e+05 1.19317087e+05 1.20752692e+05 1.21715861e+05
 1.21047075e+05 1.22153735e+05 1.21775942e+05 1.22399106e+05
 1.23020153e+05 1.23562816e+05 1.24349404e+05 1.24340441e+05
 1.24315555e+05 1.24315555e+05 1.24315555e+05 1.24315555e+05
 1.24315555e+05 1.24315555e+05 1.24315555e+05 1.24315555e+05
 1.24315555e+05 1.24315555e+05 1.24315555e+05 1.24315555e+05
 1.24315555e+05 1.24315555e+05 1.24315555e+05 1.24315555e+05
 1.24315555e+05 1.24315555e+05 1.24315555e+05 1.24315555e+05
 1.24315555e+05 1.24315555e+05 1.24315555e+05 1.24315555e+05
 1.24315555e+05 1.24315555e+05 1.24315555e+05 1.24315555e+05
 1.24315555e+05 1.24315555e+05 1.24315555e+05 1.24315555e+05
 1.24315555e+05 1.24315555e+05 1.24315555e+05 1.24315555e+05
 1.24315555e+05 1.24315555e+05 1.24315555e+05 1.24315555e+05
 1.24315555e+05 1.24315555e+05 1.24315555e+05 1.24315555e+05
 1.24315555e+05 1.24315555e+05 1.24315555e+05 1.24315555e+05
 1.24315555e+05 1.24315555e+05 1.24315555e+05 1.24315555e+05
 1.24315555e+05 1.24315555e+05 1.24315555e+05 1.24315555e+05
 1.24315555e+05 1.24315555e+05 1.24315555e+05 1.24315555e+05
 1.24315555e+05 1.24315555e+05 1.24315555e+05 1.24315555e+05
 1.24315555e+05 1.24315555e+05 1.24315555e+05 1.24315555e+05
 1.24315555e+05 1.24315555e+05 1.24315555e+05 1.24315555e+05
 1.24315555e+05 1.24315555e+05 1.24315555e+05 1.24315555e+05
 1.24315555e+05 1.24315555e+05 1.24315555e+05 1.24315555e+05
 1.24315555e+05 1.24315555e+05 1.24315555e+05 1.24315555e+05
 1.24315555e+05 1.24315555e+05 1.24315555e+05 1.24315555e+05
 1.24315555e+05 1.24315555e+05 1.24315555e+05 1.24315555e+05
 1.24315555e+05 1.24315555e+05 1.24315555e+05 1.24315555e+05
 1.24315555e+05 1.24315555e+05 1.24315555e+05 1.24315555e+05
 1.24315555e+05 1.24315555e+05 1.24315555e+05 1.24315555e+05
 1.24315555e+05 1.24315555e+05 1.24315555e+05 1.24315555e+05
 1.24315555e+05 1.25536144e+05 1.19169596e+05 1.27568741e+05
 1.34085989e+05 1.86501730e+05 2.36853606e+05 2.85859509e+05
 3.32082072e+05 3.79363841e+05 4.21242904e+05 4.61546083e+05
 5.18507771e+05 5.89461858e+05 6.26449694e+05 6.76610381e+05
 7.02029050e+05 6.81308453e+05 7.42023784e+05 7.86573879e+05
 8.34635834e+05 8.82471476e+05 9.59796345e+05 9.45568878e+05
 9.01913409e+05 9.92838126e+05 1.04096683e+06 1.11326041e+06
 1.18947965e+06 1.24514494e+06 1.30715177e+06 1.27468823e+06
 1.26680992e+06 1.30643447e+06 1.34829383e+06 1.42743689e+06
 1.43577101e+06 1.51194841e+06 1.55339309e+06 1.57442258e+06
 1.57602805e+06 1.60049368e+06 1.60015369e+06 1.60015369e+06
 1.60015369e+06 1.60015369e+06 1.60015369e+06 1.60205383e+06
 1.62800580e+06 1.67477211e+06 1.72880833e+06 1.75657497e+06
 1.74794768e+06 1.82588217e+06 1.91434697e+06 1.98608156e+06
 2.04469377e+06 2.09267087e+06 2.13195280e+06 2.16101451e+06
 2.17830741e+06 2.18756833e+06 2.20705740e+06 2.20806850e+06
 2.20951129e+06 2.21252119e+06 2.21125248e+06 2.20997668e+06
 2.20953526e+06 2.20953526e+06 2.20953526e+06 2.20953526e+06
 2.20953526e+06 2.20953526e+06 2.20953526e+06 2.20953526e+06
 2.20953526e+06 2.20960171e+06 2.20915929e+06 2.20218059e+06
 2.20174530e+06 2.20174530e+06 2.20174530e+06 2.20174530e+06
 2.20174530e+06 2.20174530e+06 2.20174530e+06 2.20174530e+06
 2.20174530e+06 2.20174530e+06 2.20174530e+06 2.20174530e+06
 2.20174530e+06 2.20174530e+06 2.20174530e+06 2.20174530e+06
 2.20174530e+06 2.20174530e+06 2.20174530e+06 2.20174530e+06
 2.20174530e+06 2.20174530e+06 2.20174530e+06 2.20174530e+06
 2.20174530e+06 2.20174530e+06 2.20174530e+06 2.20174530e+06
 2.20174530e+06 2.20174530e+06 2.20174530e+06 2.20174530e+06
 2.20174530e+06 2.20174530e+06 2.20174530e+06 2.20174530e+06
 2.20174530e+06 2.20174530e+06 2.20174530e+06 2.20174530e+06
 2.20174530e+06 2.20174530e+06 2.20174530e+06 2.20174530e+06
 2.20174530e+06 2.20174530e+06 2.20174530e+06 2.20174530e+06
 2.20174530e+06 2.20174530e+06 2.20174530e+06 2.20174530e+06
 2.20174530e+06 2.20174530e+06 2.20174530e+06 2.20174530e+06
 2.20174530e+06 2.20174530e+06 2.20174530e+06 2.20174530e+06
 2.20174530e+06 2.20174530e+06 2.20174530e+06 2.20174530e+06
 2.20174530e+06 2.20174530e+06 2.20174530e+06 2.20174530e+06
 2.20174530e+06 2.20174530e+06 2.20174530e+06 2.20174530e+06
 2.20174530e+06 2.20174530e+06 2.20174530e+06 2.20174530e+06
 2.20174530e+06 2.20174530e+06 2.20174530e+06 2.20174530e+06
 2.10385178e+06 1.91230593e+06 1.84022815e+06 1.87996058e+06
 1.71054208e+06 1.82714828e+06 2.04020630e+06 1.94673365e+06
 1.89818232e+06 1.89107389e+06 1.89137707e+06 1.89723422e+06
 1.90043594e+06 1.94360392e+06 1.98040704e+06 1.97998110e+06
 1.97998110e+06 1.97998110e+06 1.97998110e+06 1.95520227e+06
 2.01752941e+06 1.99171761e+06 1.95878803e+06 1.92827277e+06
 1.89443654e+06 2.17361950e+06 2.45762097e+06 1.85393777e+06
 2.49602605e+06 3.16491283e+06 3.91879308e+06 4.28989586e+06
 4.63162068e+06 5.47331877e+06 5.60189961e+06 5.91005475e+06
 6.16846183e+06 6.45807309e+06 6.57369564e+06 7.30576782e+06
 7.98399835e+06 8.62344478e+06 9.18622714e+06 8.41961935e+06
 9.01437115e+06 9.61198489e+06 9.99260848e+06 1.02593013e+07
 1.05287498e+07 1.07228081e+07 1.09721302e+07 1.11081710e+07
 1.12615149e+07 1.13908893e+07 1.12716753e+07 1.12517401e+07
 1.12637467e+07 1.10955224e+07 1.12615922e+07 1.09535948e+07
 1.08554197e+07 1.00881951e+07 8.75559122e+06 8.14770622e+06
 8.10632908e+06 7.54382676e+06 6.93494976e+06 7.20633681e+06
 6.13141228e+06 5.71267129e+06 3.61351335e+06 2.15869582e+06
 1.14032289e+06 1.53378898e+06 7.83004048e+05 9.06966626e+05
 1.60862834e+06 1.43725695e+06 4.39156088e+05 4.47112236e+05
 5.72038432e+05 1.20697181e+06 2.39208905e+06 3.50336668e+06
 4.35913161e+06 4.81184848e+06 5.16503677e+06 5.26994055e+06
 5.26880139e+06 5.26880139e+06 5.26880139e+06 5.26880139e+06
 5.26880139e+06 5.26880139e+06 5.32261761e+06 5.32150898e+06
 5.32150898e+06 5.35952440e+06 5.43538241e+06 5.46933416e+06
 5.46821199e+06 5.46821199e+06 5.46821199e+06 5.46821199e+06
 5.46821199e+06 5.46821199e+06 5.46821199e+06 5.46821199e+06
 5.46821199e+06 5.45623332e+06 5.49181350e+06 5.64230729e+06
 5.78896575e+06 5.85873236e+06 5.89486588e+06 5.90759705e+06
 5.86843695e+06 5.86708460e+06 5.97304977e+06 5.82725283e+06
 5.61179589e+06 5.48021681e+06 5.47922503e+06 5.47922503e+06
 5.47922503e+06 5.36578658e+06 5.61330967e+06 5.38971569e+06
 4.92371203e+06 4.59700329e+06 4.44155031e+06 4.19222353e+06
 4.19158375e+06 4.19158375e+06 4.19158375e+06 3.99278318e+06
 4.15220526e+06 4.68604086e+06 4.95144512e+06 4.95024125e+06
 4.95024125e+06 5.42181812e+06 5.42035550e+06 5.42035550e+06
 5.42035550e+06 5.42035550e+06 5.42035550e+06 5.42035550e+06
 5.42035550e+06 5.42035550e+06 5.42035550e+06 5.42035550e+06
 5.42035550e+06 5.42035550e+06 5.42035550e+06 5.42035550e+06
 5.42035550e+06 5.42035550e+06 5.42035550e+06 5.42035550e+06
 5.42035550e+06 5.42035550e+06 5.42035550e+06 5.42035550e+06
 5.42035550e+06]",1,DQN,788.0
