return_pct,max_drawdown,final_net_worth,n_trades,sharpe_like,win_rate,equity_curve,seed,variant
317612.8451329629,0.7842551893587751,317613845.13296294,752,4.62059662687554,0.375,"[1.00000000e+03 1.01036637e+03 1.02908473e+03 1.03813077e+03
 1.05184861e+03 1.05862482e+03 1.06973003e+03 1.07507120e+03
 1.08542469e+03 1.06377174e+03 1.07059971e+03 1.07654769e+03
 1.08477975e+03 1.08799210e+03 1.05847831e+03 1.06059890e+03
 1.08937027e+03 1.09104639e+03 1.09460165e+03 1.10207551e+03
 1.12954599e+03 1.15502131e+03 1.18826955e+03 1.19954910e+03
 1.22861920e+03 1.24197839e+03 1.27439743e+03 1.28550385e+03
 1.30392567e+03 1.31291985e+03 1.34111543e+03 1.34846060e+03
 1.36210729e+03 1.37829965e+03 1.38950142e+03 1.39696153e+03
 1.40864006e+03 1.43660051e+03 1.43681726e+03 1.43697477e+03
 1.42884163e+03 1.42539089e+03 1.42563645e+03 1.42553273e+03
 1.42555070e+03 1.42567198e+03 1.43427844e+03 1.43305925e+03
 1.43462599e+03 1.43569959e+03 1.43541130e+03 1.43682324e+03
 1.43653446e+03 1.43653446e+03 1.43653446e+03 1.43653446e+03
 1.43653446e+03 1.43653446e+03 1.43653446e+03 1.43653446e+03
 1.43653446e+03 1.43653446e+03 1.41282404e+03 1.30363810e+03
 1.25229551e+03 1.25208593e+03 1.19255834e+03 1.19236720e+03
 1.20870063e+03 1.24160758e+03 1.28005786e+03 1.38358935e+03
 1.31962917e+03 1.27603014e+03 1.24858522e+03 1.20918168e+03
 1.18348876e+03 1.14394251e+03 1.11790572e+03 1.10877302e+03
 1.09963531e+03 1.09942248e+03 1.09942248e+03 1.09942248e+03
 1.09942248e+03 1.09942248e+03 1.09942248e+03 1.09942248e+03
 1.09942248e+03 1.09942248e+03 1.09942248e+03 1.09942248e+03
 1.09942248e+03 1.09942248e+03 1.09942248e+03 1.09942248e+03
 1.09942248e+03 1.16393809e+03 1.13670526e+03 1.24771507e+03
 1.36330271e+03 1.49663218e+03 1.72712343e+03 1.96005581e+03
 2.29530102e+03 2.50575488e+03 2.72609431e+03 2.89243413e+03
 3.01264458e+03 3.09221764e+03 3.12992996e+03 3.12927314e+03
 3.12927314e+03 3.12927314e+03 3.12927314e+03 3.12927314e+03
 3.12927314e+03 3.12927314e+03 3.12927314e+03 3.12927314e+03
 3.14425772e+03 3.21292650e+03 3.07858374e+03 3.02959973e+03
 2.97473333e+03 2.86764792e+03 2.82166503e+03 2.78521914e+03
 2.75969351e+03 2.74667106e+03 2.74613160e+03 2.74613160e+03
 2.74613160e+03 2.74613160e+03 2.74613160e+03 2.74613160e+03
 2.74613160e+03 2.74613160e+03 2.58249518e+03 2.58210904e+03
 2.58210904e+03 2.58210904e+03 2.58210904e+03 2.58210904e+03
 2.58210904e+03 2.58210904e+03 2.58210904e+03 2.58210904e+03
 2.58210904e+03 2.58210904e+03 2.58210904e+03 2.58210904e+03
 2.58210904e+03 2.58210904e+03 2.58210904e+03 2.58210904e+03
 2.58210904e+03 2.55352161e+03 2.61751622e+03 2.61706520e+03
 2.62173512e+03 2.66841258e+03 2.65734798e+03 2.66042004e+03
 2.65988498e+03 2.65988498e+03 2.65988498e+03 2.65988498e+03
 2.65988498e+03 2.65988498e+03 2.65988498e+03 2.65988498e+03
 2.65988498e+03 2.65988498e+03 2.65988498e+03 2.65988498e+03
 2.65988498e+03 2.65988498e+03 2.65988498e+03 2.65988498e+03
 2.65988498e+03 2.65988498e+03 2.65988498e+03 2.65988498e+03
 2.65988498e+03 2.54854797e+03 2.54812680e+03 2.42650493e+03
 1.98777297e+03 1.60577121e+03 1.16452450e+03 6.93172219e+02
 1.37216059e+03 1.86024864e+03 3.02989342e+03 4.13436150e+03
 5.21158261e+03 3.98686404e+03 5.65952843e+03 7.32664867e+03
 8.79226439e+03 1.01621968e+04 1.15183115e+04 1.27691315e+04
 1.30259977e+04 1.41407104e+04 1.52075327e+04 1.61740250e+04
 1.70730731e+04 1.78640286e+04 1.86725733e+04 1.94210841e+04
 2.03052647e+04 2.09661759e+04 2.16271942e+04 2.15376789e+04
 2.17730636e+04 2.19009012e+04 2.18964143e+04 2.18964143e+04
 2.18964143e+04 2.18964143e+04 2.19565801e+04 2.20681179e+04
 2.22220272e+04 2.24122093e+04 2.26556757e+04 2.31157076e+04
 2.31872058e+04 2.30036995e+04 2.28537871e+04 2.28493318e+04
 2.28493318e+04 2.28493318e+04 2.28493318e+04 2.28493318e+04
 2.27402542e+04 2.27357888e+04 2.27357888e+04 2.27197198e+04
 2.26824103e+04 2.26233074e+04 2.27452865e+04 2.25331779e+04
 2.25288363e+04 2.24946190e+04 2.24293942e+04 2.18139811e+04
 2.16552385e+04 2.15384537e+04 2.14612539e+04 2.14195336e+04
 2.13430487e+04 2.12299964e+04 2.16331514e+04 2.17036461e+04
 2.20390596e+04 2.28156051e+04 2.36872082e+04 2.35618274e+04
 2.34030564e+04 2.34703827e+04 2.34656302e+04 2.34656302e+04
 2.34656302e+04 2.34656302e+04 2.34656302e+04 2.34656302e+04
 2.34656302e+04 2.34656302e+04 2.34656302e+04 2.34656302e+04
 2.34656302e+04 2.34656302e+04 2.34656302e+04 2.34656302e+04
 2.34656302e+04 2.24047084e+04 1.51679117e+04 2.04163059e+04
 2.50855437e+04 4.70439965e+04 4.16186894e+04 4.02644996e+04
 4.07840588e+04 4.19771223e+04 5.20572661e+04 4.94396977e+04
 4.86066012e+04 4.87388284e+04 5.39512204e+04 5.19087119e+04
 5.16513338e+04 3.91676178e+04 4.50836483e+04 1.23634808e+04
 4.00107080e+04 5.47054739e+04 4.59639962e+04 6.46715843e+04
 1.02015277e+05 1.45873903e+05 1.96072372e+05 2.36449877e+05
 2.82325076e+05 3.12747062e+05 3.53440295e+05 4.00325886e+05
 4.23163259e+05 4.48523260e+05 4.71396563e+05 4.53349061e+05
 4.42148725e+05 4.26341716e+05 4.29382253e+05 4.29293868e+05
 4.29293868e+05 4.29293868e+05 4.29293868e+05 4.29293868e+05
 4.29293868e+05 4.29293868e+05 4.29293868e+05 4.29293868e+05
 4.29293868e+05 4.29293868e+05 4.29293868e+05 4.29293868e+05
 4.29293868e+05 4.29293868e+05 4.29293868e+05 4.29293868e+05
 4.29293868e+05 4.29293868e+05 4.29293868e+05 4.29293868e+05
 4.29293868e+05 4.24445953e+05 4.14528045e+05 4.00451620e+05
 3.86856987e+05 3.77872518e+05 3.76667559e+05 3.76593119e+05
 3.76593119e+05 3.76593119e+05 3.76593119e+05 3.76593119e+05
 3.76593119e+05 3.76593119e+05 3.76593119e+05 3.76593119e+05
 3.76593119e+05 3.76593119e+05 3.76593119e+05 3.87467892e+05
 4.06074568e+05 4.29966320e+05 4.23159419e+05 3.30253779e+05
 6.87271802e+05 8.61203835e+05 9.17038607e+05 9.08937708e+05
 9.11554507e+05 9.11369926e+05 9.11369926e+05 9.11369926e+05
 9.11369926e+05 9.11369926e+05 9.11369926e+05 9.11369926e+05
 9.11369926e+05 9.26812648e+05 9.53511336e+05 9.98738009e+05
 1.04184591e+06 1.01528219e+06 1.01510015e+06 1.01510015e+06
 1.01510015e+06 1.01510015e+06 1.01510015e+06 1.01510015e+06
 1.01510015e+06 1.01510015e+06 1.01510015e+06 1.01510015e+06
 1.01510015e+06 1.01510015e+06 1.01510015e+06 1.01510015e+06
 9.29037131e+05 9.28919971e+05 9.28919971e+05 1.02569189e+06
 9.77878812e+05 1.23275911e+06 1.37841011e+06 1.52605315e+06
 1.66864173e+06 1.77090346e+06 1.67103656e+06 1.02149475e+06
 1.47573680e+06 1.62708337e+06 1.93763015e+06 2.20198402e+06
 2.40445653e+06 2.57935631e+06 2.71323931e+06 2.82551042e+06
 2.89845446e+06 2.94954808e+06 3.00142066e+06 3.24028252e+06
 3.17840783e+06 2.80001798e+06 3.11236440e+06 3.22073694e+06
 3.28902698e+06 3.33887337e+06 3.21737543e+06 2.94407800e+06
 2.87018674e+06 2.88211980e+06 2.93422711e+06 1.08209964e+06
 2.09383231e+06 7.48358988e+05 1.47613580e+06 2.41156822e+06
 2.32881348e+06 3.92688641e+06 7.40307577e+06 3.21206990e+06
 2.94723788e+06 3.32860984e+06 4.47880053e+06 3.37121015e+06
 3.30863709e+06 4.87931011e+06 3.64016064e+06 3.50272496e+06
 5.95334105e+06 6.05877412e+06 7.90149225e+06 1.22505779e+07
 1.32277444e+07 1.28465429e+07 1.35283547e+07 1.37102035e+07
 1.44575567e+07 1.53417858e+07 1.52742183e+07 1.62767035e+07
 1.68545245e+07 1.68974958e+07 1.71025080e+07 1.70989234e+07
 1.70989234e+07 1.70989234e+07 1.70989234e+07 1.70989234e+07
 1.70989234e+07 1.70989234e+07 1.70989234e+07 1.74458801e+07
 1.64505793e+07 1.60081469e+07 1.43805527e+07 1.27018787e+07
 1.25491102e+07 1.20114200e+07 1.13719128e+07 8.89692448e+06
 8.39691785e+06 8.23851834e+06 7.99450857e+06 7.49834923e+06
 7.43327287e+06 7.43183707e+06 7.43183707e+06 7.43183707e+06
 7.43183707e+06 7.43183707e+06 7.43183707e+06 7.43183707e+06
 7.43183707e+06 7.43183707e+06 7.43183707e+06 7.43183707e+06
 7.43183707e+06 7.43183707e+06 7.43183707e+06 7.43183707e+06
 7.43183707e+06 7.31767573e+06 7.31630204e+06 7.38722240e+06
 6.29382470e+06 7.20543422e+06 6.20652257e+06 9.13581814e+06
 1.08970773e+07 1.16103234e+07 1.22404010e+07 1.20070969e+07
 1.22263988e+07 1.23394529e+07 1.23368919e+07 1.31574794e+07
 1.31541889e+07 1.31541889e+07 1.31541889e+07 1.31541889e+07
 1.31541889e+07 1.31541889e+07 1.31541889e+07 1.31541889e+07
 1.31541889e+07 1.31541889e+07 1.31541889e+07 1.31541889e+07
 1.31541889e+07 1.31541889e+07 1.31431986e+07 1.31405761e+07
 1.31405761e+07 1.31405761e+07 1.31405761e+07 1.31640010e+07
 1.32344452e+07 1.30585581e+07 1.31991843e+07 1.26873084e+07
 1.26851777e+07 1.24842935e+07 1.64585821e+07 1.34516268e+07
 1.63399864e+07 1.10968318e+07 1.20079624e+07 1.28566200e+07
 1.37188189e+07 1.63951071e+07 1.74288679e+07 2.28074434e+07
 2.49524060e+07 2.54699338e+07 1.75038841e+07 1.96782380e+07
 3.06979996e+07 4.06586656e+07 4.01593875e+07 4.50357822e+07
 4.74173549e+07 4.95997774e+07 5.47100273e+07 5.29215151e+07
 5.73242516e+07 5.54303697e+07 5.39479174e+07 5.27868790e+07
 4.84892490e+07 5.06843560e+07 5.03769321e+07 6.32230506e+07
 7.85302083e+07 8.00016003e+07 8.00001772e+07 8.18708751e+07
 8.16950014e+07 6.54283915e+07 6.54156659e+07 6.49497723e+07
 6.10867477e+07 5.03617503e+07 5.62209811e+07 4.50415892e+07
 6.10543001e+07 6.67189083e+07 7.36220744e+07 8.01762287e+07
 8.64959887e+07 9.47765817e+07 1.00580659e+08 1.06240541e+08
 1.07307435e+08 1.16807520e+08 1.22431322e+08 1.26719141e+08
 1.29779365e+08 1.31694882e+08 1.32596957e+08 1.32569689e+08
 1.32569689e+08 1.32569689e+08 1.32569689e+08 1.32569689e+08
 1.32569689e+08 1.33126004e+08 1.33098907e+08 1.33745545e+08
 1.33718252e+08 1.34193562e+08 1.35048259e+08 1.36130586e+08
 1.36833451e+08 1.37140955e+08 1.37113253e+08 1.37384088e+08
 1.37356367e+08 1.37626122e+08 1.37598353e+08 1.37598353e+08
 1.37598353e+08 1.37598353e+08 1.37598353e+08 1.37598353e+08
 1.37598353e+08 1.37598353e+08 1.37688495e+08 1.37903685e+08
 1.38075612e+08 1.37114800e+08 1.37257760e+08 1.37145834e+08
 1.37246252e+08 1.36420538e+08 1.36421928e+08 1.36394615e+08
 1.36586594e+08 1.36690941e+08 1.38412134e+08 1.35946050e+08
 1.34123683e+08 1.31817832e+08 1.31955322e+08 1.33174479e+08
 1.30286909e+08 1.29540470e+08 1.28545721e+08 1.28520782e+08
 1.28520782e+08 1.28520782e+08 1.28520782e+08 1.28520782e+08
 1.28520782e+08 1.28520782e+08 1.28520782e+08 1.28520782e+08
 1.28520782e+08 1.28520782e+08 1.28520782e+08 1.28520782e+08
 1.28520782e+08 1.28520782e+08 1.28520782e+08 1.28520782e+08
 1.28520782e+08 1.28520782e+08 1.28520782e+08 1.28520782e+08
 1.28520782e+08 1.28520782e+08 1.28520782e+08 1.28520782e+08
 1.28520782e+08 1.28520782e+08 1.26770273e+08 1.26746293e+08
 1.24967866e+08 1.21723796e+08 1.16361995e+08 1.13291345e+08
 1.23333842e+08 1.16078102e+08 1.09196337e+08 1.01070844e+08
 9.54782933e+07 9.02859955e+07 8.51677208e+07 8.06367105e+07
 7.73505356e+07 7.44789335e+07 7.34261675e+07 7.10509094e+07
 6.23674734e+07 6.02908388e+07 5.64036722e+07 5.49710943e+07
 5.38766161e+07 5.29916880e+07 5.48684662e+07 5.05313003e+07
 5.81821793e+07 6.09860719e+07 6.78846350e+07 7.41463715e+07
 8.14124111e+07 8.63075327e+07 9.10568523e+07 1.07691822e+08
 1.34656504e+08 1.59717185e+08 1.87635350e+08 2.06865431e+08
 2.25190921e+08 2.42318423e+08 2.56533561e+08 2.96317377e+08
 2.96064701e+08 3.07607084e+08 3.22608195e+08 3.29329486e+08
 3.29258170e+08 3.29258170e+08 3.29258170e+08 3.29258170e+08
 3.29258170e+08 3.29258170e+08 3.29258170e+08 3.29258170e+08
 3.29258170e+08 3.29258170e+08 3.29258170e+08 3.29258170e+08
 3.29258170e+08 3.29258170e+08 3.29258170e+08 3.30130469e+08
 3.30063679e+08 3.31979339e+08 3.29726821e+08 3.24133249e+08
 3.17843237e+08 3.13549276e+08 3.13489941e+08 3.13489941e+08
 3.13328578e+08 3.13265979e+08 3.13015508e+08 3.12953043e+08
 3.12953043e+08 3.12953043e+08 3.12647588e+08 3.12585241e+08
 3.11613030e+08 3.10930486e+08 3.09156863e+08 3.14526375e+08
 3.18352594e+08 3.22903932e+08 3.26237340e+08 3.28332927e+08
 3.31527786e+08 3.30068802e+08 3.24568110e+08 3.28149776e+08
 3.36412040e+08 3.39326298e+08 3.41765781e+08 3.45529368e+08
 3.50754550e+08 3.51129621e+08 3.51059022e+08 3.51059022e+08
 3.51059022e+08 3.51059022e+08 3.51059022e+08 3.51059022e+08
 3.51059022e+08 3.51059022e+08 3.51059022e+08 3.51059022e+08
 3.51059022e+08 3.51059022e+08 3.51059022e+08 3.51059022e+08
 3.51059022e+08 3.51059022e+08 3.51059022e+08 3.51059022e+08
 3.51034145e+08 3.48759342e+08 3.43258629e+08 3.32079872e+08
 3.26666374e+08 3.06682360e+08 2.86539180e+08 3.00827083e+08
 3.00493606e+08 2.97350017e+08 2.99044951e+08 3.00427459e+08
 3.02372013e+08 2.90650510e+08 2.99064851e+08 3.04062708e+08
 3.17613845e+08]",0,DQN
2.1606373101404857,0.9869948469133709,3160.6373101404856,696,2.0521048690376325,0.55375,"[ 1000.          1000.94796294  1006.95544502  1041.78437431
   970.27490939  1045.66585837   956.47331039   968.68106739
   958.32317572   967.31061035   977.79523268  1290.50848655
  1398.57879762  1419.88252965  1371.99986683  1389.0836515
  1452.11690853  1750.19143776  2027.3064338   1939.93038421
  2141.16852773  2485.09468319  2680.79724852  2695.17496078
  3001.52603481  3299.64735733  3333.5046873   3933.19315787
  4411.93247148  4777.20432186  4840.6961135   5025.4570894
  5543.43626403  5942.8454236   6025.17734546  6245.58586426
  6359.77702035  6536.15427783  6636.97541674  6589.6932425
  7073.85999296  7350.15558302  7304.01155999  7383.5835607
  7956.32891361  8306.68955451  8332.69827049  8484.39356554
  8760.72534441  9023.45411443  9427.53308798  9173.36391853
  8900.59083539  8828.43593095  9122.63531229  9291.27202397
  9502.81411626  9711.07404615  9745.5025267   9839.73415208
 10331.69302497 10536.10652454 10846.99856711 11340.47575873
 11410.56299977 11632.49227096 12130.90763464 12320.47006622
 12500.14008564 12845.99978949 12868.85971973 12945.45700278
 12656.32983111 12922.81620165 12440.1754984  12505.47080006
 12855.41643491 13061.06265361 13029.85170449 13118.42449426
 13192.45691676 13360.69749962 13408.32983754 13001.6731617
 13333.00729396 12919.74036177 12771.73908874 12642.76251879
 12318.28721488 11678.68550997 11278.91447195 10678.80008801
 10477.74262082 10239.24598969 10080.3829131   9910.78075197
  9306.44560508  9176.56782209  9054.85821157  8736.55416621
  8624.39913862  8413.66894171  8306.02667601  8341.67223275
  8226.6670337   8127.37220185  8036.51898272  7946.72668437
  7871.45047331  7640.96780657  7279.83783189  6930.42834292
  6547.14105098  6110.21439833  5773.5313278   5442.80558919
  5005.16262456  4697.33483087  4379.07462639  3999.01836625
  3655.9402606   3386.70004781  3134.37424892  2885.61504364
  2652.73930908  2427.21290402  2211.72425234  1966.17783896
  1770.1351307   1579.43444881  1392.5387607   1055.94331251
   877.42615682   710.32840945   546.12332788   468.14642432
   432.33373381   407.11685934   510.44863418   584.37945629
   320.05238412  1307.69885483  1142.51917008  1243.83933541
  1778.52080115  2057.11935044  1748.71427215  1830.58667801
  1887.32690083  2172.27388249  2314.99523307  2438.44801657
  1938.1607123   2431.81262887  2526.02295806  2667.05031223
  2266.36495855  2291.42220907  2154.33176477  2302.41701011
  2317.36009153  2349.3882688   2460.86209613  2363.27506718
  2424.54139212  2720.54211181  2836.57335695  2555.63737962
  2597.94769205  2608.89570924  2198.19244133  2223.03533532
  2005.79511109  2566.47057187  2588.09860174  2626.70438507
  2675.42118295  2991.64923175  3035.34230931  2993.00129838
  2889.8995487   2772.22039509  2748.6919449   2737.08048641
  2718.05270228  2595.70666389  2515.5106221   2437.41068531
  2237.52789127  2492.85251852  2853.46158201  3165.87088991
  3471.33893181  3791.31164109  4097.32736875  4378.66632503
  4642.01375086  4835.56736421  5083.78981443  5312.53941267
  5528.37996461  5739.57499781  6031.06883122  6186.90144207
  6512.87499703  6469.83652828  6647.89842009  6816.38696901
  6971.98049635  7128.86606998  7271.69520418  7338.77875304
  7379.28001121  7513.94482211  7236.47770513  7271.9403478
  7215.38458703  7254.02394915  7289.98725108  7375.48803598
  7413.46027341  7487.36717787  7517.41969268  7820.97191968
  7842.82756736  7858.94127927  7874.83968881  8067.8206007
  8409.53737604  8547.04936859  8557.00491047  8565.63706849
  8567.95642238  8565.98564792  8564.03200313  8559.75900368
  8560.05701608  8571.67093354  8534.71387726  8505.23746653
  8581.54119372  8589.11638772  8593.55863689  8309.74479864
  8318.29704906  8315.77927853  8319.32523176  8316.39250285
  8316.46614266  8318.08419156  7857.14926904  7862.64201495
  7871.47694442  7430.04617397  7693.42300075  7938.00752601
  8125.45170071  8374.70759633  8541.41363959  8688.45869513
  8811.91213616  8921.32663016  9014.74992074  9219.59952767
  9787.12590857  9809.15911309  9889.46857486  9921.43051549
  9884.96512097  9917.64237011  9817.0140498   9681.58627664
  9778.83200314  9927.88394596  9966.52625668  9538.06720579
  8995.66669654  8606.01021545  8336.75032576  8233.94273443
  8555.32242762  8579.99079085  8063.35560831  7512.56711015
  7161.56691597  6740.56901188  6991.30956783  6947.75135291
  6549.93274735  6085.72540046  5740.36888202  5118.12526291
  4773.95246161  4885.34605115  4568.65440769  4610.78174986
  4515.11644464  4512.00868133  4407.0950875   4381.8055377
  4787.90850993  4702.9516941   4624.72818427  4511.22494444
  4205.08725176  4353.64620556  4235.42882437  4337.54713336
  4891.4905208   4572.24479143  4706.25954246  4699.94256359
  4756.84177672  5182.70779081  5245.22301607  5148.77057598
  4841.39706127  5156.21668501  5166.1829963   5786.42942414
  5885.28683644  5613.66180932  5873.57422108  5845.41548332
  6018.74951186  6564.44686262  6915.73639629  6843.54084702
  7401.09096853  7436.22515084  7779.6811264   8133.46404238
  8279.84876891  8567.83188409  8619.53832729  9248.17725201
  9484.55599944  9583.75835042 10061.36630039 10471.89400567
 10729.63806592 10900.07107633 11359.66451449 11473.85601043
 11617.34963448 12395.47284655 12664.61946231 12823.46891449
 12464.69505883 12760.60904685 12957.1526578  12462.09057934
 12655.47390367 12676.121193   13093.64524946 13041.15952723
 12694.11879855 12979.60062561 13376.68858855 13558.81307349
 13379.45373637 13587.85000827 13489.71388309 13848.24634629
 14030.68578395 14138.44024706 14370.58820781 14380.06678536
 14389.02048946 14329.4579976  14782.62587003 15124.19474018
 14688.59826098 14879.74613164 14954.05921183 14820.40521903
 14789.69558035 15236.37163545 15370.90650786 15707.53897898
 15726.25915205 16274.47492787 16466.85508991 16547.8019172
 16165.59303078 16428.53766981 16289.88418876 16347.33575787
 16756.99774723 16790.78842773 16646.68291785 17040.1216259
 16954.58969481 17103.48498795 17008.46567511 17067.28924259
 16386.72047584 16270.7611295  15993.55282878 16308.57043278
 16715.56987504 16864.4665619  16428.38820484 16027.03084932
 15643.84631562 15247.49538615 14926.86202936 14589.84963894
 14346.25096113 14112.96292835 13803.66453324 13511.01549554
 13245.96141242 12984.96857382 12729.73214148 12485.38900355
 12286.3055949  12062.81592795 11941.18702856 11724.01534942
 11518.69986949 11320.85654794 11131.97009192 10948.07900805
 10770.93045435 10695.56139707 10532.007108   10769.23629184
 10344.79055408 10639.13986082 10037.50050044  9361.14718256
  8730.28352128  8081.41741311  7670.0200619   7035.37720465
  6860.12036256  6685.69470953  6516.5318225   6363.39200556
  6198.99093327  6030.13786237  5861.77526607  5705.93105115
  5702.75703076  5553.89114941  5468.8326623   5663.30232569
  5373.50343221  5340.33525946  4755.0985      4297.92176758
  3366.70696359  2706.19343362  2270.59984685  1783.21958262
  1360.96031228  1273.48219434  1117.81403697   589.15783451
   270.12338514   284.86869966   222.43344058   244.75533296
   279.08616579   223.80694884   340.81734075   380.70618542
   324.265654     378.44110026   412.07795873   435.25609793
   455.47775215   465.17098583   675.47463292   464.33038279
   477.90609941   501.84555864   438.4589005    490.13307736
   521.53931899   725.55292001   921.43823618  1112.08727839
  1291.90821253  1475.84980697  1638.77310182  1795.56569143
  2017.16534534  2293.20002106  2437.09484135  2632.23637022
  2731.12333273  2650.51341066  2886.7159697   3060.03045467
  3247.0072269   3433.10356785  3733.92268115  3678.57316328
  3508.73906592  3862.46604735  4097.47721654  4573.18022221
  4965.5517211   5198.90197755  5457.80149697  5289.73310772
  5236.96392239  5443.04689971  5735.58514544  6157.76760183
  6194.88902838  6523.56997898  6748.72641644  6903.3094612
  6924.45540444  7468.87046593  7918.27832624  7985.77833359
  8708.95322454  8803.50450219  8770.00467395  8830.84553172
  9192.86679597  9635.90737796 10026.80560547 10189.82003325
 10139.77345885 10591.86824275 11105.04894423 11521.17843709
 11790.87983211 11954.4635243  12131.66012729 12294.61166327
 12420.66550491 12512.85193083 12797.86047655 12840.325195
 12867.70212064 12901.19370348 12889.17365974 12864.87105703
 12745.04783948 12699.19678626 12639.91351995 12585.57080057
 12566.87249354 12547.16637031 12457.51681999 12488.16359435
 12497.48883378 12511.86541363 12481.67266375 12297.00732381
 12244.13167103 12170.32827659 12092.53913909 11885.68913137
 11796.51201    11721.6375844  11775.70706884 11863.26710844
 11769.89842176 11932.61888027 11810.80625166 11688.5644206
 11583.05049038 11470.80586527 11365.07262792 11265.61851937
 11163.71275593 11060.39787147 10957.13752205 10858.64269806
 10759.03173068 10614.28991846 10518.68711213 10426.99909867
 10332.06127578 10116.68236195 10018.82803054 10059.11211489
  9962.37637958  9873.10158603  9778.26804784  9634.95265759
  9247.82683677  8735.71634057  8095.89788379  7946.27463094
  8011.10952863  7985.51181083  8145.9320817   8082.0936113
  8128.76584676  8242.81518687  8312.06227832  8456.30976327
  8658.25113922  8901.72571656  9731.18929534  8935.10148914
  8411.9064909   7942.41197421  7944.03130808  7525.76179952
  6976.27809512  6755.23977763  6386.26644453  5684.22650946
  6065.3081923   5654.22683384  5046.96245597  4500.6237424
  4007.65531363  3357.62267384  3583.17523322  3102.36297189
  3545.6316067   3178.05461907  2729.00047259  2473.75196639
  2074.67533098  2438.48451065  2586.88581501  2187.99808091
  1625.28194651  1527.6900528   1224.22522314  1509.29006528
  1372.46310413  1205.39489967   641.05272695   831.98794515
   647.86159984   500.78357372   469.54159478   495.10300979
   420.89451671   456.88550447   545.84099158   483.65151088
   463.73205102   459.61080012   460.43409145   464.22857433
   468.61465546   495.4583459    542.89606453   515.75725155
   661.68566199   795.16923869   768.01594504   720.72659126
   778.54242486   762.17680948   746.62053385   735.13854659
   722.2387545    828.675022     936.94830719   706.7989239
   951.58993377  1206.59766199  1494.00846671  1635.48842831
  1765.7682798   2086.65892987  2135.67934544  2253.16102424
  2351.67665282  2462.08862698  2506.16879891  2785.26545226
  3043.83540815  3287.61923534  3502.17550081  3209.91242206
  3436.65678386  3722.31025982  3870.43471318  4000.52491961
  4106.39313195  4202.02731816  4366.2942585   4435.00593002
  4538.54291233  4604.82006406  4526.05255145  4508.25791093
  4536.80018283  4369.66369141  4700.8488597   4381.64538324
  4329.67240768  4099.97143483  3738.68999048  3349.15178127
  3337.84412876  3163.96442978  3061.50245411  3132.71314575
  2945.14249564  2794.03084568  2023.9878701   1371.68737615
   853.87865859  1089.4784949    662.794207     767.47322786
  1361.21787553  1216.20376928   371.61294706   378.34542233
   484.05770291  1021.33697903  2024.18066132  2964.54142594
  3870.46563629  4541.95435008  5378.10047189  5930.74369135
  6823.50122922  7531.89790709  8393.75278517  9040.7972016
  9751.49489606 10332.21327021 10870.21833138 11332.39152403
 11819.36335144 12253.35436817 12692.88208993 13102.54468793
 13529.48023029 13699.73429326 13595.27592433 14020.15902919
 14590.06554692 15154.64914769 15881.54730895 16177.65475652
 16570.89019308 16405.95994737 16681.68555539 17449.02105429
 18020.07910222 18388.19644534 18681.14011738 18901.91253527
 18598.03138448 18594.84650861 19443.74530728 18658.86708636
 16943.00556376 14971.7111147  13706.89571351 12258.59165106
 11524.78483905 10579.45036879 11802.68210408  9465.38750004
  7424.91763375  6606.96866324  6051.25139445  4358.23530661
  2464.2780381   1569.33074809  1396.67668235  1132.54551042
  1245.96633136  1646.51345432  2114.99245368  1890.18695771
  1851.54726146  2204.70211154  2010.53052209  1789.59125321
  1950.01483226  1662.83925236  1665.06535106  2939.69667702
  3564.32361266  1770.7613225   1852.09045133  1474.76417644
  2020.05713108  4677.46848889  2405.09900901  1980.1018172
  2888.91087954  1477.96308361   897.38372349  1299.23096536
   897.38372349  1916.93644616  2600.70963836  3034.64709768
  3160.63731014]",1,DQN
1558832.3542620465,0.7708396454162696,1558833354.2620466,515,4.7424031674382015,0.5325,"[1.00000000e+03 1.00000000e+03 1.00915895e+03 1.02713248e+03
 1.04759387e+03 1.07525959e+03 1.09823194e+03 1.12106806e+03
 1.14309547e+03 1.05281891e+03 1.06677117e+03 1.09134586e+03
 1.10845783e+03 1.12249208e+03 1.06203317e+03 1.07131135e+03
 1.12985814e+03 1.13777647e+03 1.14564175e+03 1.17785598e+03
 1.23702621e+03 1.34967467e+03 1.42784679e+03 1.48328516e+03
 1.55573686e+03 1.62472067e+03 1.71014740e+03 1.77122009e+03
 1.82265578e+03 1.87445586e+03 1.95568363e+03 2.00017651e+03
 2.04143375e+03 2.14018134e+03 2.17576406e+03 2.22426726e+03
 2.26231685e+03 2.44378707e+03 2.44538863e+03 2.44841955e+03
 2.42168124e+03 2.40018808e+03 2.40197921e+03 2.40320436e+03
 2.40422529e+03 2.40696862e+03 2.43699023e+03 2.43068474e+03
 2.43697290e+03 2.44622438e+03 2.45866491e+03 2.47030319e+03
 2.48092488e+03 2.48942885e+03 2.49782837e+03 2.38530088e+03
 2.50250757e+03 2.41047372e+03 2.24401818e+03 2.14395656e+03
 2.12452475e+03 2.12411502e+03 2.12411502e+03 2.12411502e+03
 2.12411502e+03 2.12411502e+03 2.12411502e+03 2.12411502e+03
 2.12411502e+03 2.12411502e+03 2.12411502e+03 2.12411502e+03
 2.12411502e+03 2.10625182e+03 2.09127327e+03 2.07487097e+03
 2.06029607e+03 2.04318062e+03 2.02779727e+03 2.01120045e+03
 1.96224213e+03 1.90643750e+03 1.84071079e+03 1.79441197e+03
 1.94307542e+03 1.89393851e+03 1.86235297e+03 1.72917373e+03
 1.71836549e+03 1.71997130e+03 1.71962568e+03 1.71962568e+03
 1.71962568e+03 1.71962568e+03 1.71962568e+03 1.71962568e+03
 1.73250998e+03 1.93619923e+03 1.86843375e+03 2.11186008e+03
 2.35642894e+03 2.58735824e+03 2.98582852e+03 3.38851900e+03
 3.96808655e+03 4.33191645e+03 4.71283639e+03 5.07347225e+03
 5.42668735e+03 5.78795808e+03 6.14714518e+03 6.10365717e+03
 6.42666016e+03 6.73742024e+03 7.82304496e+03 8.14961742e+03
 8.44791813e+03 8.74960738e+03 9.04602812e+03 1.01153529e+04
 1.03676561e+04 1.09387950e+04 1.01798939e+04 9.98019036e+03
 9.80143778e+03 9.44860244e+03 9.26157853e+03 9.06524072e+03
 8.86195928e+03 8.66149481e+03 8.50816564e+03 8.18464136e+03
 7.64730996e+03 7.40219169e+03 6.85064651e+03 6.71868151e+03
 6.06917329e+03 5.37219691e+03 4.41478667e+03 4.14772224e+03
 3.37517012e+03 3.07772397e+03 2.77387467e+03 2.67136125e+03
 2.69173974e+03 2.73155372e+03 3.06468238e+03 3.01804415e+03
 3.04173117e+03 3.74847961e+03 3.32459761e+03 3.32946748e+03
 5.70503341e+03 5.20315154e+03 4.13883203e+03 3.82680843e+03
 3.63602715e+03 3.43838453e+03 3.61147330e+03 3.61086345e+03
 3.61981972e+03 3.72844201e+03 3.69172323e+03 3.71671199e+03
 3.73769328e+03 3.78219120e+03 3.02277269e+03 3.12877362e+03
 3.12551228e+03 2.71463011e+03 8.42957305e+03 1.45759750e+04
 1.39753249e+04 1.31988041e+04 1.37587781e+04 1.59480938e+04
 1.68898297e+04 1.55011473e+04 1.63610111e+04 1.56051994e+04
 1.45774381e+04 1.58255565e+04 1.61581856e+04 1.53972427e+04
 1.32637850e+04 1.16039345e+04 1.13119959e+04 1.07722489e+04
 8.82453801e+03 7.69475115e+03 6.63799569e+03 5.56308109e+03
 7.74213600e+03 8.84240279e+03 1.10656312e+04 1.26777707e+04
 1.46581440e+04 1.19002825e+04 1.58938856e+04 2.05726473e+04
 2.46879797e+04 2.85346412e+04 3.23425035e+04 3.58547064e+04
 3.65759665e+04 3.97059913e+04 4.27015434e+04 4.54153769e+04
 4.79398326e+04 5.01607729e+04 5.24311019e+04 5.45328609e+04
 5.70155696e+04 5.88713558e+04 6.12061823e+04 6.08729997e+04
 6.18769274e+04 6.26163203e+04 6.28517955e+04 6.28390238e+04
 6.28390238e+04 6.30574011e+04 6.34167316e+04 6.39063023e+04
 6.45047634e+04 6.51978032e+04 6.64001601e+04 6.77481413e+04
 6.79576900e+04 6.68959242e+04 6.47683743e+04 6.50398336e+04
 6.52218548e+04 6.38652788e+04 6.39710681e+04 6.39750547e+04
 6.24995271e+04 6.23107060e+04 6.21255594e+04 6.19681419e+04
 6.17447780e+04 6.14972960e+04 6.23568596e+04 5.95127716e+04
 5.91999409e+04 5.88758044e+04 5.86257627e+04 5.75496286e+04
 5.72324991e+04 5.69351094e+04 5.66457962e+04 5.63489796e+04
 5.59578620e+04 5.54715268e+04 5.75892018e+04 5.81767563e+04
 5.90754237e+04 6.11569446e+04 6.34932657e+04 6.29429754e+04
 6.19137946e+04 6.28650830e+04 6.56964791e+04 7.18200846e+04
 6.49924974e+04 5.99983443e+04 5.71552354e+04 5.26595409e+04
 5.07587194e+04 4.83823439e+04 4.70086774e+04 4.70003663e+04
 4.70003663e+04 4.70003663e+04 4.70003663e+04 4.70003663e+04
 4.70003663e+04 4.48753983e+04 3.03804927e+04 4.08927375e+04
 5.02449638e+04 9.42265368e+04 8.33599452e+04 8.06475775e+04
 8.16882259e+04 8.40778665e+04 1.04267840e+05 9.90249945e+04
 9.73563481e+04 9.76211917e+04 1.08061326e+05 1.03970294e+05
 1.03454780e+05 7.84505835e+04 9.03000672e+04 2.47633718e+04
 8.01392468e+04 1.09572054e+05 9.20633555e+04 1.29533625e+05
 2.04330987e+05 2.92177402e+05 3.92722174e+05 4.73596094e+05
 5.65481595e+05 6.26415158e+05 7.07921465e+05 8.01830725e+05
 8.47572727e+05 8.88038961e+05 9.15025440e+05 8.97407000e+05
 8.89905028e+05 8.89732879e+05 8.96058561e+05 8.74545553e+05
 9.43376458e+05 9.57772821e+05 9.61731799e+05 9.82572875e+05
 1.11769112e+06 1.28454045e+06 1.27814331e+06 1.21935332e+06
 1.22981031e+06 1.30062216e+06 1.27397424e+06 1.35232866e+06
 1.36302539e+06 1.29416231e+06 1.23668216e+06 1.18135930e+06
 1.12846690e+06 1.07714998e+06 1.02747731e+06 9.40872535e+05
 8.95725408e+05 8.46045046e+05 7.97063732e+05 7.52237434e+05
 7.09692874e+05 6.76850690e+05 6.70624255e+05 6.09164585e+05
 5.83968823e+05 5.83872101e+05 5.83872101e+05 5.83872101e+05
 5.83872101e+05 5.83872101e+05 5.83872101e+05 6.60240508e+05
 6.40897181e+05 6.56503568e+05 6.97744283e+05 7.78773689e+05
 8.72456889e+05 9.58260425e+05 9.33012094e+05 6.77196592e+05
 1.26301191e+06 1.50256001e+06 1.63272571e+06 1.59729079e+06
 1.62183990e+06 1.75821700e+06 1.89164494e+06 2.01487511e+06
 2.14881311e+06 1.88435964e+06 1.49604023e+06 1.47428132e+06
 1.63976564e+06 1.72374326e+06 1.77334186e+06 1.80110278e+06
 1.80071997e+06 1.80071997e+06 1.80071997e+06 1.80790066e+06
 1.71491453e+06 1.66411102e+06 1.67071032e+06 1.85865971e+06
 1.84151434e+06 1.87989998e+06 1.94149266e+06 2.00799723e+06
 2.05518574e+06 2.09127653e+06 2.10980018e+06 2.21630876e+06
 1.65345906e+06 1.51935069e+06 1.36407333e+06 1.64843175e+06
 1.53331698e+06 2.06630381e+06 2.37142302e+06 2.62589819e+06
 2.87125210e+06 3.04721510e+06 2.83317417e+06 9.98610467e+05
 1.73914292e+06 2.03676800e+06 2.42543159e+06 2.75633705e+06
 3.00978233e+06 3.22871341e+06 3.39630168e+06 3.57282017e+06
 3.72778752e+06 3.83737301e+06 3.92662293e+06 4.34329677e+06
 4.25953560e+06 3.92067277e+06 4.02967945e+06 4.02878573e+06
 4.02878573e+06 4.02878573e+06 3.99865935e+06 3.99788292e+06
 3.97701535e+06 3.98281797e+06 4.02523014e+06 1.99181509e+06
 3.85254988e+06 1.37694423e+06 2.71601827e+06 4.43716854e+06
 4.28490382e+06 7.22528049e+06 1.36213003e+07 5.91005279e+06
 5.42277472e+06 6.12448064e+06 8.24077571e+06 6.20286314e+06
 6.08773174e+06 8.97769390e+06 6.69771899e+06 6.44484400e+06
 1.09538587e+07 1.11990869e+07 1.46080498e+07 2.26485133e+07
 2.44550703e+07 2.37503160e+07 2.50108299e+07 2.53470268e+07
 2.76529514e+07 3.04726867e+07 3.02501813e+07 3.35592612e+07
 3.65564821e+07 3.70628498e+07 3.93116287e+07 4.37369318e+07
 4.43946161e+07 4.77154323e+07 4.98285653e+07 4.54431194e+07
 4.35412712e+07 4.22847746e+07 4.22894804e+07 4.66222796e+07
 3.99941215e+07 3.82171472e+07 3.33701595e+07 2.94813428e+07
 2.91267639e+07 2.78787729e+07 2.63944625e+07 2.06499596e+07
 1.94894330e+07 1.91217843e+07 1.85554322e+07 1.74038353e+07
 1.72527916e+07 1.72494591e+07 1.72494591e+07 1.72494591e+07
 1.72494591e+07 1.72494591e+07 1.72494591e+07 1.82634214e+07
 1.78085230e+07 1.88142867e+07 1.90417672e+07 2.00668088e+07
 2.00619715e+07 2.00619715e+07 2.00619715e+07 2.00619715e+07
 2.00619715e+07 1.97537971e+07 1.97838221e+07 2.03670795e+07
 1.43419241e+07 1.78063228e+07 1.16461264e+07 1.89772353e+07
 2.17169005e+07 2.36156350e+07 2.68279515e+07 2.59832617e+07
 2.71821784e+07 2.84675787e+07 2.94121640e+07 3.92233156e+07
 3.81281744e+07 3.11124564e+07 3.14282011e+07 3.29122898e+07
 2.83015264e+07 2.50655403e+07 2.95265958e+07 3.29363804e+07
 3.37675708e+07 3.43468516e+07 3.41534530e+07 3.41459632e+07
 3.43983622e+07 4.72497098e+07 4.70995734e+07 3.99177383e+07
 4.05181118e+07 3.32270295e+07 3.94480055e+07 3.98390613e+07
 4.03917937e+07 3.95103443e+07 4.05932934e+07 3.27640059e+07
 2.99474907e+07 2.76061752e+07 4.95914408e+07 3.44955281e+07
 4.37666888e+07 2.97277753e+07 3.21686419e+07 3.44421469e+07
 3.67519283e+07 4.39215508e+07 4.66909367e+07 6.10998315e+07
 6.68460631e+07 6.82324904e+07 4.68919007e+07 5.27168699e+07
 8.22381787e+07 1.08922231e+08 1.07584694e+08 1.20648275e+08
 1.27028372e+08 1.32874956e+08 1.46565022e+08 1.40612512e+08
 1.60154638e+08 1.47019092e+08 1.27491527e+08 1.13786398e+08
 9.52853747e+07 1.06056592e+08 1.05202271e+08 1.38734146e+08
 1.72351002e+08 1.74899954e+08 1.74862408e+08 1.78951333e+08
 1.78566913e+08 1.43011759e+08 1.42983944e+08 1.41965605e+08
 1.33521902e+08 1.10079468e+08 1.22886429e+08 9.84507911e+07
 1.33450978e+08 1.45832539e+08 1.57874388e+08 1.71897315e+08
 1.85446840e+08 2.03200377e+08 2.15644281e+08 2.27779032e+08
 2.30066445e+08 2.50434567e+08 2.62491962e+08 2.74048905e+08
 2.85173746e+08 2.95845965e+08 3.06287363e+08 3.24186456e+08
 3.33808098e+08 3.42470688e+08 3.48320923e+08 3.54900615e+08
 3.59908037e+08 3.66167324e+08 3.73739103e+08 3.83191576e+08
 3.95812237e+08 4.03242753e+08 4.09862085e+08 4.15470622e+08
 4.21044723e+08 4.26203737e+08 4.29959129e+08 4.34635501e+08
 4.39061567e+08 4.43812000e+08 4.52339767e+08 4.56486083e+08
 4.60486373e+08 4.76423629e+08 4.79696731e+08 4.82747566e+08
 4.70285073e+08 4.73831865e+08 4.75857757e+08 4.77954084e+08
 4.79105621e+08 4.75057604e+08 4.75648615e+08 4.75282697e+08
 4.76021156e+08 4.69100040e+08 4.69584991e+08 4.69502188e+08
 4.73275868e+08 4.74414854e+08 4.84528744e+08 4.73855707e+08
 4.67598758e+08 4.59559814e+08 4.60039148e+08 4.65467130e+08
 4.52042698e+08 4.45692619e+08 4.29018538e+08 4.22903883e+08
 4.15940517e+08 4.16554828e+08 4.29866956e+08 4.24475783e+08
 4.19355856e+08 4.15538910e+08 4.07049668e+08 4.13797579e+08
 4.13013794e+08 4.12931731e+08 4.12931731e+08 4.12931731e+08
 4.12931731e+08 4.12931731e+08 4.12931731e+08 4.12931731e+08
 4.12931731e+08 4.12931731e+08 4.12931731e+08 4.12931731e+08
 4.12931731e+08 4.12931731e+08 4.12931731e+08 4.12931731e+08
 4.12931731e+08 4.12931731e+08 4.12931731e+08 4.12931731e+08
 4.12931731e+08 4.07533051e+08 3.95538338e+08 3.87688525e+08
 4.15169962e+08 3.90672580e+08 3.67511304e+08 3.40164137e+08
 3.21341843e+08 3.03866640e+08 2.86640569e+08 2.71390996e+08
 2.60331042e+08 2.50666376e+08 2.47123185e+08 2.39129014e+08
 2.09904033e+08 2.02914909e+08 1.89832258e+08 1.85010772e+08
 1.81327195e+08 1.78348880e+08 1.84665367e+08 1.70068196e+08
 1.95818003e+08 2.05254787e+08 2.28472598e+08 2.49547105e+08
 2.74001695e+08 2.90476721e+08 3.06461036e+08 3.62447706e+08
 4.53200069e+08 5.37544324e+08 6.31505727e+08 6.96226508e+08
 7.57902795e+08 8.15547133e+08 8.63389619e+08 9.97286071e+08
 9.96472382e+08 1.06155207e+09 1.19154528e+09 1.31702887e+09
 1.44436612e+09 1.48922572e+09 1.58173415e+09 1.72254084e+09
 1.82054508e+09 1.79369375e+09 1.87684505e+09 1.86251089e+09
 1.88490176e+09 1.89295803e+09 1.90520783e+09 1.93188148e+09
 1.94260113e+09 1.95620464e+09 1.95327832e+09 1.98110555e+09
 1.91219149e+09 1.96959462e+09 1.93714590e+09 1.88303380e+09
 1.79259011e+09 1.67319144e+09 1.60414508e+09 1.55522431e+09
 1.55277692e+09 1.56155167e+09 1.55687055e+09 1.55123588e+09
 1.54513155e+09 1.60915082e+09 1.60290700e+09 1.59556389e+09
 1.57234663e+09 1.56453182e+09 1.55018213e+09 1.58422865e+09
 1.60381579e+09 1.62674480e+09 1.64814303e+09 1.66634333e+09
 1.70772406e+09 1.69575071e+09 1.66085277e+09 1.67952182e+09
 1.72180938e+09 1.73672501e+09 1.75276626e+09 1.78552490e+09
 1.85394088e+09 1.86579189e+09 1.87324155e+09 1.83945714e+09
 1.82261888e+09 1.83942870e+09 1.84366615e+09 1.84738525e+09
 1.84066822e+09 1.84360609e+09 1.84573062e+09 1.84677972e+09
 1.84651064e+09 1.84321899e+09 1.83528793e+09 1.81468691e+09
 1.80727164e+09 1.79446976e+09 1.77130236e+09 1.78152316e+09
 1.78186353e+09 1.75912589e+09 1.71313413e+09 1.64383707e+09
 1.61737360e+09 1.51842978e+09 1.41869792e+09 1.48943944e+09
 1.48778835e+09 1.47222397e+09 1.48061584e+09 1.48746084e+09
 1.49708862e+09 1.43905372e+09 1.48071437e+09 1.50545950e+09
 1.55883335e+09]",0,DQN+Regime
71254.30885895735,0.876771320034262,71255308.85895735,692,4.44194860267226,0.50625,"[1.00000000e+03 1.00094796e+03 1.00695545e+03 1.04178437e+03
 9.70274909e+02 1.04566586e+03 9.56473310e+02 9.68681067e+02
 9.58323176e+02 9.67310610e+02 9.77795233e+02 1.29050849e+03
 1.39857880e+03 1.41988253e+03 1.37199987e+03 1.38908365e+03
 1.45211691e+03 1.75019144e+03 2.02730643e+03 1.93993038e+03
 2.14116853e+03 2.48509468e+03 2.68079725e+03 2.69517496e+03
 3.00152603e+03 3.29964736e+03 3.33350469e+03 3.93319316e+03
 4.41193247e+03 4.77720432e+03 4.84069611e+03 5.02545709e+03
 5.54343626e+03 5.94284542e+03 6.02517735e+03 6.24558586e+03
 6.35977702e+03 6.53615428e+03 6.63697542e+03 6.58969324e+03
 7.07385999e+03 7.35015558e+03 7.30401156e+03 7.38358356e+03
 7.95632891e+03 8.30668955e+03 8.33269827e+03 8.48439357e+03
 8.76072534e+03 9.02345411e+03 9.42753309e+03 9.17336392e+03
 8.90059084e+03 8.82843593e+03 9.12263531e+03 9.29127202e+03
 9.50281412e+03 9.71107405e+03 9.74550253e+03 9.83973415e+03
 1.03316930e+04 1.05361065e+04 1.08469986e+04 1.13404758e+04
 1.14105630e+04 1.16324923e+04 1.21309076e+04 1.23204701e+04
 1.25001401e+04 1.28459998e+04 1.28688597e+04 1.29454570e+04
 1.26563298e+04 1.29228162e+04 1.24401755e+04 1.25054708e+04
 1.28554164e+04 1.30610627e+04 1.30298517e+04 1.31184245e+04
 1.31924569e+04 1.33244109e+04 1.33502188e+04 1.31072692e+04
 1.33075871e+04 1.29750226e+04 1.28237596e+04 1.26942577e+04
 1.23684608e+04 1.17262539e+04 1.13248545e+04 1.07222958e+04
 1.05204194e+04 1.02809514e+04 1.01214413e+04 9.95114829e+03
 9.34435163e+03 9.21394484e+03 9.09173950e+03 8.77213897e+03
 8.65952712e+03 8.44793860e+03 8.33985790e+03 8.37564865e+03
 8.28159461e+03 8.21998075e+03 8.18160438e+03 8.14501764e+03
 8.12797965e+03 8.08036882e+03 8.00395132e+03 7.92705729e+03
 7.83931467e+03 7.83781694e+03 7.83781694e+03 7.83781694e+03
 7.83781694e+03 7.83781694e+03 7.83781694e+03 7.83781694e+03
 7.83781694e+03 7.83781694e+03 7.71945820e+03 7.47275967e+03
 7.23138577e+03 6.98532647e+03 6.73711527e+03 6.58632524e+03
 6.58512741e+03 6.58512741e+03 6.58512741e+03 6.58512741e+03
 6.58512741e+03 6.58512741e+03 6.58512741e+03 6.58512741e+03
 6.58512741e+03 6.58512741e+03 6.58512741e+03 6.77456176e+03
 5.54764922e+03 1.58174661e+04 1.42181554e+04 1.54755979e+04
 2.21279968e+04 2.55942637e+04 2.17571500e+04 2.27757899e+04
 2.34817403e+04 2.70269932e+04 2.88027034e+04 3.03386780e+04
 2.41142044e+04 3.02561219e+04 3.14282678e+04 3.31829016e+04
 2.81976553e+04 2.85094126e+04 2.68037610e+04 2.86462077e+04
 2.88321265e+04 2.92306146e+04 3.06175495e+04 2.94033914e+04
 3.01656546e+04 3.38484358e+04 3.52920731e+04 3.17967244e+04
 3.23231408e+04 3.24593538e+04 2.73494667e+04 2.76585569e+04
 2.49556979e+04 3.19315088e+04 3.22006004e+04 3.26809258e+04
 3.32870503e+04 3.72214959e+04 3.77651163e+04 3.72383180e+04
 3.59555469e+04 3.44914066e+04 3.41986704e+04 3.40542029e+04
 3.38174631e+04 3.22952584e+04 3.12974754e+04 3.03257718e+04
 2.78388704e+04 3.10155679e+04 3.55021930e+04 3.93891266e+04
 4.31896983e+04 4.71707342e+04 5.09781201e+04 5.44784826e+04
 5.77549981e+04 6.01631531e+04 6.32514867e+04 6.60975430e+04
 6.87829876e+04 7.14106336e+04 7.50373410e+04 7.69761789e+04
 8.02053414e+04 7.96600492e+04 8.13980309e+04 8.26191898e+04
 8.41118895e+04 8.59877209e+04 8.77105127e+04 8.83402950e+04
 8.86150029e+04 8.98911189e+04 8.65546619e+04 8.69788264e+04
 8.64202652e+04 8.68655859e+04 8.72962398e+04 8.83200958e+04
 8.87748062e+04 8.96598277e+04 9.00197009e+04 9.36546823e+04
 9.39163996e+04 9.41093583e+04 9.42997388e+04 9.66106493e+04
 1.00702644e+05 1.02349325e+05 1.02468540e+05 1.02530741e+05
 1.02538025e+05 1.02514440e+05 1.02491059e+05 1.02439922e+05
 1.02422287e+05 1.02540754e+05 1.02098646e+05 1.01746027e+05
 1.02658829e+05 1.02749449e+05 1.02802591e+05 9.94073971e+04
 9.95097055e+04 9.94795860e+04 9.95220054e+04 9.94740342e+04
 9.94550303e+04 9.94506193e+04 9.61241605e+04 9.61573835e+04
 9.62437948e+04 9.19259121e+04 9.51645281e+04 9.81899397e+04
 1.00508548e+05 1.03591743e+05 1.05653829e+05 1.07472717e+05
 1.08999786e+05 1.10353199e+05 1.11508807e+05 1.14042714e+05
 1.21062786e+05 1.21256606e+05 1.21827943e+05 1.21960819e+05
 1.21846672e+05 1.21822369e+05 1.21550793e+05 1.20855562e+05
 1.21074568e+05 1.21788735e+05 1.22049252e+05 1.17827471e+05
 1.11103987e+05 1.07231700e+05 1.05198004e+05 1.04658843e+05
 1.05455204e+05 1.05433455e+05 1.05433455e+05 1.05433455e+05
 1.05433455e+05 1.05433455e+05 1.05433455e+05 1.05433455e+05
 1.05433455e+05 1.05433455e+05 1.05433455e+05 1.05433455e+05
 1.05433455e+05 1.05433455e+05 1.05433455e+05 1.05433455e+05
 1.05433455e+05 1.05433455e+05 1.05433455e+05 1.05433455e+05
 1.05433455e+05 1.05433455e+05 1.05433455e+05 1.05433455e+05
 1.05433455e+05 1.05433455e+05 1.04839788e+05 1.05344882e+05
 1.10705609e+05 1.06351549e+05 1.08822329e+05 1.08655043e+05
 1.09970461e+05 1.19815792e+05 1.20948029e+05 1.19589148e+05
 1.16710036e+05 1.18206249e+05 1.18181389e+05 1.18181389e+05
 1.18181389e+05 1.18181389e+05 1.18181389e+05 1.18181389e+05
 1.18181389e+05 1.18181389e+05 1.18181389e+05 1.17911007e+05
 1.21729763e+05 1.22054454e+05 1.26540046e+05 1.32268990e+05
 1.34649545e+05 1.39332819e+05 1.40173686e+05 1.50396813e+05
 1.54240879e+05 1.55854140e+05 1.63621153e+05 1.70297285e+05
 1.74488802e+05 1.77260438e+05 1.84734493e+05 1.86591512e+05
 1.88925051e+05 2.01579139e+05 2.05956087e+05 2.08539348e+05
 2.02704853e+05 2.07517100e+05 2.10713355e+05 2.02662498e+05
 2.05807359e+05 2.06143132e+05 2.12933042e+05 2.12079502e+05
 2.07522136e+05 2.12145837e+05 2.18636064e+05 2.21612809e+05
 2.18681260e+05 2.22087405e+05 2.20483413e+05 2.26343468e+05
 2.29325360e+05 2.31086559e+05 2.34880915e+05 2.35035838e+05
 2.35182182e+05 2.34208659e+05 2.41615488e+05 2.47198280e+05
 2.40078648e+05 2.43202876e+05 2.44417490e+05 2.42232975e+05
 2.41731039e+05 2.49031762e+05 2.51230675e+05 2.56732784e+05
 2.57038757e+05 2.65999102e+05 2.69143470e+05 2.70466511e+05
 2.64219475e+05 2.68517189e+05 2.66250959e+05 2.67189980e+05
 2.73885724e+05 2.74438018e+05 2.72082677e+05 2.78513259e+05
 2.77115277e+05 2.79548905e+05 2.77995856e+05 2.78957301e+05
 2.67833706e+05 2.66263895e+05 2.61674901e+05 2.65745838e+05
 2.72324248e+05 2.74750021e+05 2.67645585e+05 2.62361036e+05
 2.57341876e+05 2.52124883e+05 2.47882375e+05 2.44475696e+05
 2.42795364e+05 2.41958135e+05 2.41910365e+05 2.41910365e+05
 2.41910365e+05 2.41910365e+05 2.41910365e+05 2.41910365e+05
 2.41910365e+05 2.41910365e+05 2.41910365e+05 2.41910365e+05
 2.41910365e+05 2.41910365e+05 2.41910365e+05 2.41910365e+05
 2.41910365e+05 2.41910365e+05 2.41910365e+05 2.41910365e+05
 2.41910365e+05 2.41910365e+05 2.41910365e+05 2.41910365e+05
 2.41910365e+05 2.41910365e+05 2.41910365e+05 2.41910365e+05
 2.41910365e+05 2.41910365e+05 2.41910365e+05 2.41910365e+05
 2.41910365e+05 2.41910365e+05 2.41910365e+05 2.41910365e+05
 2.41910365e+05 2.41910365e+05 2.41910365e+05 2.41910365e+05
 2.41910365e+05 2.41910365e+05 2.41910365e+05 2.41910365e+05
 2.41910365e+05 2.41910365e+05 2.41910365e+05 2.41910365e+05
 2.41910365e+05 2.41910365e+05 2.35947846e+05 1.91260499e+05
 1.29053882e+05 1.34639020e+05 1.05109794e+05 1.15657891e+05
 1.31880752e+05 1.05758839e+05 1.61051506e+05 1.79900777e+05
 1.53230090e+05 1.78830423e+05 1.94725350e+05 2.05678062e+05
 2.15233702e+05 2.19814190e+05 3.19192112e+05 2.19416968e+05
 2.25832104e+05 2.37144574e+05 2.07191530e+05 2.31609900e+05
 2.46450760e+05 3.42856353e+05 4.35420966e+05 5.25511204e+05
 6.10484674e+05 6.97405342e+05 7.74393919e+05 8.48485462e+05
 9.53201254e+05 1.08364004e+06 1.15163681e+06 1.24384995e+06
 1.29057848e+06 1.25248667e+06 1.36410299e+06 1.44600187e+06
 1.53435680e+06 1.62229568e+06 1.76444623e+06 1.73829109e+06
 1.65803685e+06 1.82518874e+06 1.93624208e+06 2.16103312e+06
 2.34644628e+06 2.45671476e+06 2.57905642e+06 2.49963655e+06
 2.47470074e+06 2.57208421e+06 2.71032167e+06 2.90982185e+06
 2.92736339e+06 3.08267991e+06 3.18907644e+06 3.26212388e+06
 3.27211629e+06 3.52937686e+06 3.74174227e+06 3.76651135e+06
 3.97040464e+06 3.98677058e+06 3.98069157e+06 3.99173416e+06
 4.05718412e+06 4.17373101e+06 4.30839568e+06 4.37759347e+06
 4.35609323e+06 4.55031523e+06 4.77078001e+06 4.94955115e+06
 5.09561974e+06 5.21518436e+06 5.29245752e+06 5.33466899e+06
 5.36746812e+06 5.39135745e+06 5.46502811e+06 5.47587877e+06
 5.48412809e+06 5.49730504e+06 5.49218320e+06 5.48182766e+06
 5.43077000e+06 5.41123249e+06 5.38597140e+06 5.36636950e+06
 5.36051540e+06 5.35271736e+06 5.31340880e+06 5.32648033e+06
 5.33045776e+06 5.33658969e+06 5.32371181e+06 5.24494792e+06
 5.22239528e+06 5.19091648e+06 5.15773768e+06 5.06951154e+06
 5.03147551e+06 4.99953989e+06 5.02260173e+06 5.05994804e+06
 5.02012422e+06 5.08952812e+06 5.03757232e+06 4.98543345e+06
 4.94042941e+06 4.89255457e+06 4.84745699e+06 4.80503759e+06
 4.76157251e+06 4.71750641e+06 4.67346356e+06 4.63145332e+06
 4.58896702e+06 4.52723141e+06 4.48645468e+06 4.44734770e+06
 4.40685460e+06 4.31499069e+06 4.27325364e+06 4.29043570e+06
 4.25656965e+06 4.23283788e+06 4.21573699e+06 4.17781159e+06
 4.04267242e+06 3.81801566e+06 3.59354178e+06 3.54036680e+06
 3.56346534e+06 3.55435170e+06 3.61147234e+06 3.59375707e+06
 3.60134592e+06 3.61072601e+06 3.60999563e+06 3.60999563e+06
 3.60999563e+06 3.60999563e+06 3.60999563e+06 3.60999563e+06
 3.60999563e+06 3.60999563e+06 3.60999563e+06 3.60999563e+06
 3.60999563e+06 3.60999563e+06 3.60999563e+06 3.60999563e+06
 3.60999563e+06 3.60999563e+06 3.60999563e+06 3.60999563e+06
 3.60999563e+06 3.60999563e+06 3.60999563e+06 3.60999563e+06
 3.60999563e+06 3.60999563e+06 3.60999563e+06 3.60999563e+06
 3.60999563e+06 3.60999563e+06 3.60999563e+06 3.60999563e+06
 3.60999563e+06 3.60999563e+06 3.60999563e+06 3.60999563e+06
 3.60999563e+06 3.60999563e+06 3.27124785e+06 3.66005502e+06
 3.17355555e+06 2.59635637e+06 2.43378525e+06 2.56627829e+06
 2.18163178e+06 2.36818466e+06 2.82926959e+06 2.50692149e+06
 2.40367251e+06 2.38231074e+06 2.38524819e+06 2.40442535e+06
 2.42211828e+06 2.56035675e+06 2.80549841e+06 2.66525444e+06
 3.41936181e+06 4.10915860e+06 3.96883981e+06 3.72446484e+06
 4.02323700e+06 3.93866518e+06 3.85827575e+06 3.79894082e+06
 3.73227918e+06 4.28230486e+06 4.84182361e+06 3.65249149e+06
 4.91748646e+06 6.23527788e+06 7.72051715e+06 8.45163648e+06
 9.12487753e+06 1.07831290e+07 1.10364495e+07 1.16435540e+07
 1.21526486e+07 1.27232194e+07 1.29510104e+07 1.43932850e+07
 1.57294848e+07 1.69892750e+07 1.80980273e+07 1.65877132e+07
 1.77594493e+07 1.92356073e+07 2.00010631e+07 2.06733241e+07
 2.12204143e+07 2.17146186e+07 2.25634931e+07 2.29185711e+07
 2.34536143e+07 2.37961116e+07 2.33890685e+07 2.32971120e+07
 2.34104498e+07 2.28882734e+07 2.35777983e+07 2.26128937e+07
 2.24769024e+07 2.12843143e+07 1.94087822e+07 1.73865599e+07
 1.73017135e+07 1.66997446e+07 1.64278480e+07 1.64247769e+07
 1.59314956e+07 1.59287006e+07 1.44622964e+07 1.21302915e+07
 8.69296371e+06 1.10894455e+07 5.66031048e+06 6.55643188e+06
 1.16287213e+07 1.03898832e+07 3.17464490e+06 3.23215963e+06
 4.13524699e+06 8.72515950e+06 1.72923330e+07 2.53257224e+07
 3.30649244e+07 3.88013721e+07 4.59444683e+07 5.06656331e+07
 5.82923539e+07 6.43441018e+07 7.17068249e+07 7.72344478e+07
 8.33058531e+07 8.72579980e+07 9.17840674e+07 9.56864854e+07
 9.97982938e+07 1.03462752e+08 1.07173960e+08 1.10632998e+08
 1.14237883e+08 1.15675444e+08 1.14793437e+08 1.18380991e+08
 1.23193069e+08 1.27960203e+08 1.34097859e+08 1.36598080e+08
 1.39918413e+08 1.38525804e+08 1.40853928e+08 1.47333023e+08
 1.52154824e+08 1.55263069e+08 1.57736576e+08 1.59600696e+08
 1.57034837e+08 1.57007945e+08 1.64175730e+08 1.57548511e+08
 1.43060417e+08 1.26415542e+08 1.15735913e+08 1.00478673e+08
 9.29632189e+07 8.34329197e+07 9.11498956e+07 8.02998133e+07
 6.64311380e+07 6.20296650e+07 5.99320638e+07 5.65677728e+07
 4.67207211e+07 4.24777378e+07 4.15420597e+07 3.95793450e+07
 4.03726709e+07 4.29677961e+07 4.54108267e+07 4.53997880e+07
 4.53997880e+07 4.53997880e+07 4.53997880e+07 4.53997880e+07
 4.53997880e+07 4.53997880e+07 4.53997880e+07 4.53997880e+07
 4.53997880e+07 4.53997880e+07 4.58077406e+07 4.20659512e+07
 5.13876142e+07 1.05461934e+08 5.42219989e+07 4.46406065e+07
 6.51293447e+07 3.33200889e+07 2.02311585e+07 2.92906445e+07
 2.02311585e+07 4.32165684e+07 5.86319626e+07 6.84149097e+07
 7.12553089e+07]",1,DQN+Regime
